-- phpMyAdmin SQL Dump
-- version 4.7.4
-- https://www.phpmyadmin.net/
--
-- Host: 127.0.0.1
-- Generation Time: Jan 05, 2018 at 05:02 PM
-- Server version: 10.1.29-MariaDB
-- PHP Version: 7.1.12

SET SQL_MODE = "NO_AUTO_VALUE_ON_ZERO";
SET AUTOCOMMIT = 0;
START TRANSACTION;
SET time_zone = "+00:00";


/*!40101 SET @OLD_CHARACTER_SET_CLIENT=@@CHARACTER_SET_CLIENT */;
/*!40101 SET @OLD_CHARACTER_SET_RESULTS=@@CHARACTER_SET_RESULTS */;
/*!40101 SET @OLD_COLLATION_CONNECTION=@@COLLATION_CONNECTION */;
/*!40101 SET NAMES utf8mb4 */;

--
-- Database: `est`
--

-- --------------------------------------------------------

--
-- Table structure for table `migrations`
--

CREATE TABLE `migrations` (
  `id` int(10) UNSIGNED NOT NULL,
  `migration` varchar(255) COLLATE utf8mb4_unicode_ci NOT NULL,
  `batch` int(11) NOT NULL
) ENGINE=InnoDB DEFAULT CHARSET=utf8mb4 COLLATE=utf8mb4_unicode_ci;

--
-- Dumping data for table `migrations`
--

INSERT INTO `migrations` (`id`, `migration`, `batch`) VALUES
(1, '2014_10_12_000000_create_users_table', 1),
(2, '2014_10_12_100000_create_password_resets_table', 1),
(3, '2018_01_05_092012_create_products_table', 1),
(4, '2018_01_05_092223_create_reviews_table', 1);

-- --------------------------------------------------------

--
-- Table structure for table `password_resets`
--

CREATE TABLE `password_resets` (
  `email` varchar(180) COLLATE utf8mb4_unicode_ci NOT NULL,
  `token` varchar(255) COLLATE utf8mb4_unicode_ci NOT NULL,
  `created_at` timestamp NULL DEFAULT NULL
) ENGINE=InnoDB DEFAULT CHARSET=utf8mb4 COLLATE=utf8mb4_unicode_ci;

-- --------------------------------------------------------

--
-- Table structure for table `products`
--

CREATE TABLE `products` (
  `id` int(10) UNSIGNED NOT NULL,
  `name` varchar(255) COLLATE utf8mb4_unicode_ci NOT NULL,
  `detail` text COLLATE utf8mb4_unicode_ci NOT NULL,
  `price` int(11) NOT NULL,
  `stock` int(11) NOT NULL,
  `discount` int(11) NOT NULL,
  `created_at` timestamp NULL DEFAULT NULL,
  `updated_at` timestamp NULL DEFAULT NULL
) ENGINE=InnoDB DEFAULT CHARSET=utf8mb4 COLLATE=utf8mb4_unicode_ci;

--
-- Dumping data for table `products`
--

INSERT INTO `products` (`id`, `name`, `detail`, `price`, `stock`, `discount`, `created_at`, `updated_at`) VALUES
(1, 'et', 'Occaecati autem similique qui corporis architecto. In aut laboriosam voluptas sit consequatur nobis. At officiis quibusdam temporibus tenetur omnis dolores at. Nemo eum quasi ipsum. Non ipsum non voluptas omnis esse et.', 406, 9, 16, '2018-01-05 09:51:52', '2018-01-05 09:51:52'),
(2, 'enim', 'Perferendis corporis harum laudantium qui iure qui voluptatem. Ut itaque repudiandae animi qui reiciendis ut est. Vitae et facilis corrupti sit voluptatem maxime dolore.', 415, 7, 22, '2018-01-05 09:51:52', '2018-01-05 09:51:52'),
(3, 'fugit', 'Id est culpa voluptatem ea ea sit. Voluptates voluptates quia qui ab enim ut ut magnam. Suscipit aliquid voluptate omnis voluptas dolores. Aperiam quas esse modi numquam aspernatur.', 117, 8, 18, '2018-01-05 09:51:52', '2018-01-05 09:51:52'),
(4, 'alias', 'Repellendus voluptates sit temporibus qui quia eos facere. Non enim vel vero. Suscipit cumque iste dolore in ut vero.', 842, 4, 29, '2018-01-05 09:51:52', '2018-01-05 09:51:52'),
(5, 'nobis', 'Commodi et repellendus fugit velit. Ex eius ipsum neque architecto cumque. Aut aperiam temporibus omnis sit delectus voluptatem ratione.', 772, 9, 30, '2018-01-05 09:51:52', '2018-01-05 09:51:52'),
(6, 'occaecati', 'Suscipit et quibusdam saepe. Impedit nam ipsum ea eum sit et. Assumenda non numquam in ab deserunt accusamus. Eos esse iure qui sint.', 417, 7, 29, '2018-01-05 09:51:52', '2018-01-05 09:51:52'),
(7, 'dolorem', 'Velit molestiae corporis labore nisi. Dolor cum aut voluptas maiores expedita. Eum a aliquam repellendus. Ex atque hic et reprehenderit est.', 805, 6, 14, '2018-01-05 09:51:52', '2018-01-05 09:51:52'),
(8, 'eligendi', 'Repellat mollitia laborum magnam at est natus. Id eveniet facilis commodi ipsum reiciendis. Facere nesciunt saepe dolor.', 743, 1, 16, '2018-01-05 09:51:52', '2018-01-05 09:51:52'),
(9, 'aspernatur', 'Cupiditate vero consectetur omnis. Quam assumenda deserunt tempora enim aut quod nostrum. Non ut nulla libero aut.', 520, 2, 17, '2018-01-05 09:51:52', '2018-01-05 09:51:52'),
(10, 'et', 'Fugit et suscipit explicabo molestiae dolores in. Sint minima at doloribus sit ex eos consequatur. Expedita exercitationem ab tempore rerum.', 352, 4, 24, '2018-01-05 09:51:52', '2018-01-05 09:51:52'),
(11, 'minima', 'Eveniet consequatur vel placeat ullam. Sit suscipit velit porro dolore et corrupti dignissimos. Ipsum consequatur expedita inventore sint omnis exercitationem ipsa. Sint in sint nihil nostrum qui. Aut sit voluptatem illo qui beatae.', 673, 3, 25, '2018-01-05 09:51:52', '2018-01-05 09:51:52'),
(12, 'voluptas', 'Qui vitae distinctio fuga dolorem et voluptates. Corrupti omnis voluptate odio ea ipsa. Veritatis reprehenderit dolores autem eveniet voluptatem. Ratione corporis nihil consequatur qui dolorem molestiae et.', 162, 8, 22, '2018-01-05 09:51:52', '2018-01-05 09:51:52'),
(13, 'eos', 'Voluptatem excepturi architecto atque officia quia. Modi optio voluptatem eum iusto iusto. In quis non nam porro optio sed harum. Quae est suscipit quo facilis nemo enim quaerat magni.', 771, 4, 30, '2018-01-05 09:51:52', '2018-01-05 09:51:52'),
(14, 'provident', 'Ut reiciendis quo dolor doloribus. Quia ex atque magni impedit. In maxime fugit eligendi maxime illo esse ut. Asperiores aspernatur in voluptatem sed.', 437, 9, 14, '2018-01-05 09:51:52', '2018-01-05 09:51:52'),
(15, 'quis', 'Ad sit aut velit labore harum. Et voluptatum amet ipsam consequuntur saepe id ea. Nam aut quis qui rerum. Autem iusto error perspiciatis reprehenderit voluptatem tempora.', 403, 2, 25, '2018-01-05 09:51:52', '2018-01-05 09:51:52'),
(16, 'dolorem', 'Quas eaque animi ut. Enim non quod nemo dolorem. Soluta sed quia placeat pariatur quos. Ullam repellat accusamus adipisci eligendi corporis animi alias error. Laudantium magni ut consectetur fuga optio.', 981, 9, 24, '2018-01-05 09:51:52', '2018-01-05 09:51:52'),
(17, 'vitae', 'Voluptatem fuga ratione architecto dolores. Quia molestias placeat reiciendis aspernatur. Voluptas est harum maxime deleniti qui.', 277, 2, 21, '2018-01-05 09:51:52', '2018-01-05 09:51:52'),
(18, 'ut', 'Magnam recusandae et quaerat nisi. Id odio eaque ut est consequatur necessitatibus maiores et.', 481, 0, 22, '2018-01-05 09:51:52', '2018-01-05 09:51:52'),
(19, 'inventore', 'Dolorum et vel qui sapiente eos aliquid. Odio et quia ratione eius tempore ut doloremque provident. Excepturi nesciunt saepe veniam aspernatur tenetur voluptate dicta.', 527, 6, 12, '2018-01-05 09:51:52', '2018-01-05 09:51:52'),
(20, 'natus', 'Molestiae in eos odit exercitationem error quo. Porro velit quo incidunt. Voluptatem aut ea non dolores aut facere nesciunt ipsa.', 220, 0, 20, '2018-01-05 09:51:52', '2018-01-05 09:51:52'),
(21, 'velit', 'Reiciendis quis est earum et qui voluptas saepe. Error facere nesciunt dolore ut sapiente vel consectetur. Maiores voluptate fugit harum sequi ut modi debitis. Corrupti laborum consectetur tenetur molestiae quis.', 388, 2, 22, '2018-01-05 09:51:52', '2018-01-05 09:51:52'),
(22, 'quis', 'Tenetur vero et facere. Voluptatem praesentium sed sit consequatur asperiores velit. Possimus non et nihil incidunt voluptatem.', 345, 7, 15, '2018-01-05 09:51:52', '2018-01-05 09:51:52'),
(23, 'dolore', 'Dolorum veniam ab commodi asperiores eum adipisci. Asperiores consequatur culpa nisi placeat consequatur. Et non optio repellendus qui asperiores rerum.', 470, 2, 15, '2018-01-05 09:51:52', '2018-01-05 09:51:52'),
(24, 'et', 'Eaque ad omnis est ut magni qui ut. Aut minima fugit nostrum commodi est dolorem neque quo. Provident vitae voluptatum dolorem vitae aut et.', 200, 4, 25, '2018-01-05 09:51:52', '2018-01-05 09:51:52'),
(25, 'suscipit', 'Vel voluptatem a quia iusto earum dolores. Nobis tenetur veritatis aliquam velit autem maxime reiciendis et.', 985, 5, 17, '2018-01-05 09:51:53', '2018-01-05 09:51:53'),
(26, 'ut', 'Voluptatem consequatur ratione optio quos. Odio est ut voluptatum. Porro asperiores eos tempora quas et voluptatem magni. Aut dicta ratione similique alias libero omnis non. Vel nam non adipisci ullam.', 728, 5, 16, '2018-01-05 09:51:53', '2018-01-05 09:51:53'),
(27, 'suscipit', 'In quo facilis vitae et reiciendis velit explicabo. Et dicta voluptate quo quod ipsum delectus alias quas. Ipsa consectetur aliquam qui consectetur illum omnis. Voluptatem minima minima ea.', 322, 9, 27, '2018-01-05 09:51:53', '2018-01-05 09:51:53'),
(28, 'rerum', 'Perferendis et et quis quaerat et ut. Aperiam maiores fuga nobis aut voluptas et. Fugiat pariatur doloremque rem autem. Aut eius a quaerat nulla amet nesciunt eum. Laudantium culpa officia dolorem veritatis harum voluptate sit.', 273, 3, 30, '2018-01-05 09:51:53', '2018-01-05 09:51:53'),
(29, 'omnis', 'Aliquid pariatur est nihil soluta amet delectus. Odio distinctio aspernatur consectetur ad adipisci voluptas rerum. Animi fugiat est et quo. Qui alias aut omnis sed enim laboriosam.', 517, 5, 26, '2018-01-05 09:51:53', '2018-01-05 09:51:53'),
(30, 'repellendus', 'Non vel ex architecto illo eligendi et. Voluptatum unde qui molestiae sed. Aut eos nemo autem doloremque nostrum aut.', 809, 1, 11, '2018-01-05 09:51:53', '2018-01-05 09:51:53'),
(31, 'eos', 'Porro est ut perspiciatis dolor consequatur. Pariatur qui alias sunt labore exercitationem. Laboriosam sint voluptate ad facere facere mollitia.', 621, 7, 12, '2018-01-05 09:51:53', '2018-01-05 09:51:53'),
(32, 'dolorum', 'Facilis porro ut vero voluptatum rerum fugiat vitae. Enim distinctio debitis amet nam sint dolorum debitis. Eveniet quia quis optio tenetur blanditiis.', 442, 2, 18, '2018-01-05 09:51:53', '2018-01-05 09:51:53'),
(33, 'ea', 'Labore modi odio eveniet quis itaque. Voluptate animi tempore doloribus aliquid suscipit quisquam. Et quia dolorem voluptas enim distinctio sit.', 554, 5, 27, '2018-01-05 09:51:53', '2018-01-05 09:51:53'),
(34, 'eaque', 'Quae quam earum perspiciatis maxime. Et ut et velit adipisci. Facilis deserunt unde ea laboriosam quibusdam quidem perspiciatis magni. Aut doloremque quis voluptatem similique.', 357, 3, 29, '2018-01-05 09:51:53', '2018-01-05 09:51:53'),
(35, 'ducimus', 'Corporis doloremque culpa corporis aliquam expedita voluptatem. Eos eos necessitatibus corporis in voluptas consequuntur aut. Qui molestias tempora veritatis unde ut voluptatem reprehenderit omnis. Commodi voluptates sed tempore expedita rerum.', 160, 7, 30, '2018-01-05 09:51:53', '2018-01-05 09:51:53'),
(36, 'dicta', 'Voluptas sunt rem porro quo et maiores ducimus. Ullam voluptatibus est modi qui nobis. Iure rem qui asperiores laboriosam consectetur suscipit. At magnam molestias placeat enim.', 476, 9, 14, '2018-01-05 09:51:53', '2018-01-05 09:51:53'),
(37, 'sit', 'Totam quis occaecati ad pariatur quaerat sit ratione officiis. Itaque consequatur maxime in dolores sed itaque et. Tenetur est in natus. Non delectus provident aut quo.', 842, 3, 19, '2018-01-05 09:51:53', '2018-01-05 09:51:53'),
(38, 'nobis', 'Possimus officia eum nobis consequatur. Aut veniam nobis ab sunt voluptas non velit. Adipisci nemo eos earum animi. Enim sed earum temporibus placeat.', 319, 4, 26, '2018-01-05 09:51:53', '2018-01-05 09:51:53'),
(39, 'magnam', 'Non dolores doloremque minima ipsam. Delectus autem necessitatibus minima repellat officia inventore. Laboriosam suscipit iure ullam non. Iste omnis est placeat officia. Non asperiores omnis autem explicabo quo quod.', 326, 9, 27, '2018-01-05 09:51:53', '2018-01-05 09:51:53'),
(40, 'facere', 'Debitis ut odit cupiditate. Atque optio sit voluptates adipisci voluptatibus consectetur consequuntur et. Placeat eum quis rem alias. Ducimus corporis voluptas in.', 287, 2, 28, '2018-01-05 09:51:53', '2018-01-05 09:51:53'),
(41, 'iusto', 'Occaecati cupiditate nesciunt molestiae ab qui tempora. Nihil vitae nulla aut maxime iusto consequatur. Quo voluptatem repellat tempora deleniti iusto. A voluptas optio eligendi in totam nihil.', 193, 3, 27, '2018-01-05 09:51:53', '2018-01-05 09:51:53'),
(42, 'et', 'Distinctio est sint sapiente itaque exercitationem. In non odit a ab. Sequi qui tenetur tempora sunt at quasi. Est autem error omnis est natus.', 660, 3, 23, '2018-01-05 09:51:53', '2018-01-05 09:51:53'),
(43, 'neque', 'Voluptates iusto omnis et deserunt. Distinctio voluptatum ut eos dolorem quasi nobis voluptatum corrupti.', 237, 2, 19, '2018-01-05 09:51:53', '2018-01-05 09:51:53'),
(44, 'non', 'Earum ut et beatae recusandae quaerat quia sunt. Similique quasi quos non quia ab excepturi. Voluptatem sint vel ut et occaecati molestiae tempora. Nam id qui aut quis et rerum.', 116, 7, 12, '2018-01-05 09:51:53', '2018-01-05 09:51:53'),
(45, 'suscipit', 'Consectetur ratione unde rerum minima est sunt sed alias. Nihil inventore dolores provident id. Modi dolores quam eligendi quod id quia error. Molestiae qui beatae inventore commodi vitae cupiditate est.', 949, 2, 15, '2018-01-05 09:51:53', '2018-01-05 09:51:53'),
(46, 'enim', 'Quaerat inventore qui sed non necessitatibus consequatur cum quod. Ut autem corporis illo ad consectetur. Ut blanditiis sed voluptatibus ad.', 478, 3, 30, '2018-01-05 09:51:53', '2018-01-05 09:51:53'),
(47, 'optio', 'Omnis qui repudiandae reprehenderit eos error accusamus minus. Voluptate pariatur incidunt debitis sapiente sint similique quo. Numquam sit minus harum magni sapiente beatae. Officia nihil quos ad architecto explicabo.', 485, 6, 15, '2018-01-05 09:51:53', '2018-01-05 09:51:53'),
(48, 'ratione', 'Culpa reiciendis assumenda omnis quis fugiat temporibus voluptatem pariatur. Iste numquam quia quos omnis voluptatem. Velit libero aut a minus eveniet. Aut doloribus cumque inventore sunt.', 658, 2, 24, '2018-01-05 09:51:53', '2018-01-05 09:51:53'),
(49, 'sint', 'Similique voluptas officiis aperiam illum. Impedit nihil provident fugiat fugit. Facere eius ipsum atque et. Autem occaecati ipsam eos dolor sed.', 526, 4, 26, '2018-01-05 09:51:53', '2018-01-05 09:51:53'),
(50, 'voluptatem', 'Quod et eos consequatur voluptas sit molestias. Modi nobis et et dolorum qui tenetur rerum amet. Perferendis quia voluptatibus aut commodi.', 498, 5, 21, '2018-01-05 09:51:53', '2018-01-05 09:51:53'),
(51, 'ullam', 'Explicabo et atque eligendi itaque asperiores aspernatur veniam. Omnis similique expedita molestias aliquam. Nihil odit enim itaque nihil voluptas.', 911, 7, 20, '2018-01-05 09:58:48', '2018-01-05 09:58:48'),
(52, 'numquam', 'Nobis nam consequatur quisquam nulla quos culpa repellendus voluptatum. Repellat explicabo quas et enim. Voluptatibus nihil aut est ad ratione. Culpa unde veniam sit temporibus.', 491, 2, 28, '2018-01-05 09:58:48', '2018-01-05 09:58:48'),
(53, 'molestiae', 'Aspernatur commodi voluptatem asperiores doloribus odit voluptatum. Nemo aut doloremque quia autem. Illo vero voluptatibus sit nihil modi illo.', 482, 6, 15, '2018-01-05 09:58:48', '2018-01-05 09:58:48'),
(54, 'consectetur', 'Ad nulla cupiditate perferendis laboriosam blanditiis hic. Repellendus nesciunt rerum quis natus est harum. Et impedit autem vitae enim. Ut beatae molestias magnam repellendus non animi.', 884, 4, 14, '2018-01-05 09:58:48', '2018-01-05 09:58:48'),
(55, 'asperiores', 'Amet sed tenetur adipisci dolorem provident. Reiciendis magni soluta alias deserunt delectus ut aliquam. Voluptas officiis rerum itaque.', 113, 2, 18, '2018-01-05 09:58:48', '2018-01-05 09:58:48'),
(56, 'saepe', 'Quis assumenda eos doloremque quasi veritatis ea. Velit quis et adipisci dolorem. Fugiat praesentium enim eos vitae.', 956, 5, 17, '2018-01-05 09:58:48', '2018-01-05 09:58:48'),
(57, 'ut', 'Vel aliquid perferendis aliquam. Maiores velit iure quam sit odio.', 717, 4, 18, '2018-01-05 09:58:48', '2018-01-05 09:58:48'),
(58, 'ea', 'Commodi illo numquam expedita doloremque distinctio maxime. Enim provident tenetur aut ratione et. Quibusdam qui ut consequatur a quia expedita.', 732, 9, 10, '2018-01-05 09:58:48', '2018-01-05 09:58:48'),
(59, 'eos', 'Molestiae mollitia corporis esse assumenda fugiat quis et qui. Quia consequatur ad nesciunt maxime officiis consequatur qui nihil. Ratione non amet temporibus. Sed maiores ipsa consequatur omnis cum adipisci.', 328, 6, 21, '2018-01-05 09:58:48', '2018-01-05 09:58:48'),
(60, 'suscipit', 'Qui architecto qui eos id quis sed quidem excepturi. Corporis aut hic recusandae consectetur dicta. Enim et molestias qui sapiente quia.', 343, 1, 27, '2018-01-05 09:58:48', '2018-01-05 09:58:48'),
(61, 'et', 'Quia doloremque maxime dicta natus rerum natus quos nobis. Eius rerum tempora ad rerum. Eaque suscipit sit reprehenderit et.', 514, 8, 30, '2018-01-05 09:58:48', '2018-01-05 09:58:48'),
(62, 'corrupti', 'Qui illum eveniet id ipsum. Soluta autem sint necessitatibus iusto praesentium. In non quas sed aut. Nobis unde sint animi mollitia quia nesciunt laborum nemo.', 668, 7, 22, '2018-01-05 09:58:48', '2018-01-05 09:58:48'),
(63, 'minus', 'Doloremque qui omnis eaque velit veritatis neque animi. Perferendis vitae quisquam id. Quia dolore ut enim voluptas nam. Rerum rerum animi adipisci libero aspernatur iure et.', 770, 5, 22, '2018-01-05 09:58:48', '2018-01-05 09:58:48'),
(64, 'ut', 'Natus voluptas laboriosam in qui aliquid dolores. Quas numquam quos ratione provident.', 984, 8, 21, '2018-01-05 09:58:48', '2018-01-05 09:58:48'),
(65, 'voluptatum', 'Quae similique pariatur ad quaerat. Est a iure alias consequatur autem. Harum eos ipsam aut dolores in ad molestiae.', 692, 8, 10, '2018-01-05 09:58:48', '2018-01-05 09:58:48'),
(66, 'qui', 'Sapiente officiis et omnis asperiores et vel. Aperiam est perferendis molestiae assumenda. Quia distinctio ducimus doloremque.', 103, 3, 14, '2018-01-05 09:58:48', '2018-01-05 09:58:48'),
(67, 'sunt', 'Possimus sit placeat culpa temporibus quibusdam eum non. Consequatur ab quam ipsa sit. Quia assumenda atque voluptas et unde. Minus nam at aspernatur praesentium cumque.', 998, 9, 15, '2018-01-05 09:58:49', '2018-01-05 09:58:49'),
(68, 'sapiente', 'Ab soluta ipsum numquam et. Commodi ut eos nulla modi reprehenderit deleniti id. Voluptatem ratione repellendus et aut consectetur qui harum.', 633, 0, 18, '2018-01-05 09:58:49', '2018-01-05 09:58:49'),
(69, 'vitae', 'Explicabo ut corrupti voluptate modi aut consequatur quas. Occaecati qui tenetur ipsam doloremque. Beatae sequi sit molestiae et impedit. Expedita totam odit repellat.', 577, 5, 20, '2018-01-05 09:58:49', '2018-01-05 09:58:49'),
(70, 'provident', 'Maiores soluta ut sed assumenda. Distinctio dolorem placeat veritatis atque voluptatem eius. Excepturi sapiente quis quae numquam.', 532, 1, 19, '2018-01-05 09:58:49', '2018-01-05 09:58:49'),
(71, 'distinctio', 'Nemo facilis aperiam non voluptatem numquam distinctio commodi. Officiis aut veniam ut provident non sequi quisquam natus. Magnam dolor dignissimos aut optio consequuntur. Ab incidunt et atque quaerat quam officia hic.', 724, 1, 25, '2018-01-05 09:58:49', '2018-01-05 09:58:49'),
(72, 'ducimus', 'Ullam rerum porro quo aut. Eum sunt facilis porro ab temporibus. Illum repudiandae error consequatur ullam est quibusdam. Dolor voluptatem et eaque molestiae reprehenderit aut.', 1000, 6, 21, '2018-01-05 09:58:49', '2018-01-05 09:58:49'),
(73, 'adipisci', 'Delectus eius sint non voluptatem repudiandae ea voluptatem. Ea placeat doloribus aperiam reiciendis numquam est sit minima. Aut tempore a magnam enim sunt qui exercitationem.', 744, 2, 15, '2018-01-05 09:58:49', '2018-01-05 09:58:49'),
(74, 'voluptatem', 'Modi nihil impedit laborum ducimus. Sint libero facilis eligendi facilis aut deserunt ea. Dolorem quam quam non omnis enim.', 137, 6, 30, '2018-01-05 09:58:49', '2018-01-05 09:58:49'),
(75, 'consectetur', 'Dolorum esse quisquam harum magni. Laboriosam quam id totam modi. Perferendis iste illo sapiente vel voluptas pariatur. Minus commodi dicta enim qui unde sunt consequuntur.', 968, 1, 19, '2018-01-05 09:58:49', '2018-01-05 09:58:49'),
(76, 'fugit', 'Incidunt voluptatibus eos voluptatem enim deleniti quam. Quis consequuntur itaque sit. Velit necessitatibus nostrum est est voluptatem a.', 522, 8, 18, '2018-01-05 09:58:49', '2018-01-05 09:58:49'),
(77, 'et', 'Consectetur aut possimus aliquam maiores. Aut tempora vero blanditiis eum dolores ipsam qui qui. Non dolor fuga aspernatur necessitatibus dolor expedita autem. Asperiores minus enim provident perspiciatis beatae atque.', 523, 7, 16, '2018-01-05 09:58:49', '2018-01-05 09:58:49'),
(78, 'incidunt', 'Corrupti ipsam saepe et distinctio. Aperiam quis velit soluta asperiores corporis tempore. Odio deserunt modi molestiae.', 391, 8, 20, '2018-01-05 09:58:49', '2018-01-05 09:58:49'),
(79, 'beatae', 'Quo consequatur provident ut. Aut harum hic culpa. Dolorum vel omnis dolorem et. Unde consequuntur cum ut quia. Dignissimos nesciunt est eum voluptate.', 557, 7, 13, '2018-01-05 09:58:49', '2018-01-05 09:58:49'),
(80, 'earum', 'Consequuntur omnis doloribus ad minima et. Ea quis non voluptatibus tenetur. Necessitatibus accusamus nisi veritatis illo ad quia.', 509, 3, 23, '2018-01-05 09:58:49', '2018-01-05 09:58:49'),
(81, 'iusto', 'Et rerum deserunt nisi ut nihil facilis. Repudiandae et sed rerum soluta. Animi praesentium fugit illum aliquid et et enim. Unde optio doloribus qui quia.', 464, 2, 26, '2018-01-05 09:58:49', '2018-01-05 09:58:49'),
(82, 'dolorem', 'Nostrum quia laborum veniam eveniet aut aut voluptates beatae. Numquam sint perferendis sunt et necessitatibus velit non. Tenetur quasi consequuntur adipisci excepturi et quaerat assumenda.', 739, 8, 29, '2018-01-05 09:58:49', '2018-01-05 09:58:49'),
(83, 'cupiditate', 'Quia hic voluptatem provident qui eaque vitae minima expedita. Pariatur sit deserunt tempore autem aut rerum ad. Optio ut dolores earum.', 994, 8, 26, '2018-01-05 09:58:49', '2018-01-05 09:58:49'),
(84, 'eos', 'Eum et repudiandae et sunt at illum. Et quis voluptatum ab pariatur hic voluptate.', 184, 5, 13, '2018-01-05 09:58:49', '2018-01-05 09:58:49'),
(85, 'ex', 'Fugit quia ex dicta. Provident aut ex voluptatibus officiis exercitationem iure. Et est blanditiis illo tempora voluptas nihil deleniti eos.', 569, 9, 26, '2018-01-05 09:58:49', '2018-01-05 09:58:49'),
(86, 'temporibus', 'Omnis voluptatum dolores similique consectetur maxime quisquam. Quia voluptate repellendus nostrum aspernatur libero quod eveniet ducimus. Molestiae et ut ut eos.', 248, 7, 21, '2018-01-05 09:58:49', '2018-01-05 09:58:49'),
(87, 'provident', 'Ad et fuga neque rem. Iste recusandae consequatur aliquid et dolores rerum sequi voluptates.', 954, 0, 24, '2018-01-05 09:58:49', '2018-01-05 09:58:49'),
(88, 'modi', 'Repellendus est est magnam odio ipsa animi. Iusto non et adipisci optio minima. Nesciunt voluptatem reprehenderit autem veritatis.', 874, 9, 21, '2018-01-05 09:58:49', '2018-01-05 09:58:49'),
(89, 'voluptatem', 'Enim officiis voluptatum voluptas fuga quia. Sequi exercitationem eveniet cumque aut ducimus et. Aut maiores ad omnis cum.', 557, 8, 19, '2018-01-05 09:58:49', '2018-01-05 09:58:49'),
(90, 'quae', 'Ipsum vel iusto sequi qui. Doloribus non distinctio est velit expedita in eum facilis. Rerum ut dignissimos sed magnam.', 964, 8, 30, '2018-01-05 09:58:49', '2018-01-05 09:58:49'),
(91, 'molestiae', 'Officia est enim molestias esse doloribus. Fugit enim voluptatem quasi rerum. Et qui iure laboriosam nisi voluptatem beatae nisi.', 828, 1, 14, '2018-01-05 09:58:49', '2018-01-05 09:58:49'),
(92, 'ea', 'Nihil dignissimos molestiae in et quae. Dolorum deserunt commodi aut minus aliquam. Ut blanditiis tenetur dolores.', 755, 4, 27, '2018-01-05 09:58:49', '2018-01-05 09:58:49'),
(93, 'ullam', 'Dicta quo id id aut. Rerum neque qui perspiciatis ullam non odio.', 427, 0, 22, '2018-01-05 09:58:49', '2018-01-05 09:58:49'),
(94, 'incidunt', 'Saepe quae quis repudiandae aut aspernatur at. Facere distinctio officiis voluptatem nihil laborum amet qui. Ut et repellendus sit voluptas laboriosam et aperiam accusamus. Eum hic ratione unde facere debitis eos perferendis.', 970, 8, 19, '2018-01-05 09:58:49', '2018-01-05 09:58:49'),
(95, 'commodi', 'Quasi explicabo officia consequatur dolore itaque. Eligendi culpa eius vitae molestiae aspernatur nam. Ut in vel voluptatibus exercitationem aut quos.', 158, 8, 22, '2018-01-05 09:58:49', '2018-01-05 09:58:49'),
(96, 'nulla', 'Pariatur delectus soluta voluptate et recusandae esse. Praesentium culpa hic et quis quod tempora placeat. Maiores est et aut cupiditate fuga.', 942, 9, 12, '2018-01-05 09:58:49', '2018-01-05 09:58:49'),
(97, 'molestias', 'Exercitationem quis ab fugit sed id et sit non. Exercitationem debitis nam corrupti repellat et.', 342, 5, 18, '2018-01-05 09:58:49', '2018-01-05 09:58:49'),
(98, 'ut', 'Aut sed dolorem ullam enim. Consectetur suscipit excepturi at voluptate quo iste.', 820, 2, 26, '2018-01-05 09:58:49', '2018-01-05 09:58:49'),
(99, 'aperiam', 'Culpa libero et omnis impedit voluptas ipsa. Earum cupiditate iusto illo alias quam provident debitis. Perferendis illo accusamus dolorum et. Eveniet aliquam et dolores et aliquid sit et neque.', 189, 0, 30, '2018-01-05 09:58:49', '2018-01-05 09:58:49'),
(100, 'atque', 'Voluptate harum assumenda et quia quo fugiat fugit. Aperiam doloribus voluptas tempora soluta sapiente itaque. Expedita qui maiores inventore enim sint quis dolorem.', 941, 3, 13, '2018-01-05 09:58:49', '2018-01-05 09:58:49');

-- --------------------------------------------------------

--
-- Table structure for table `reviews`
--

CREATE TABLE `reviews` (
  `id` int(10) UNSIGNED NOT NULL,
  `product_id` int(10) UNSIGNED NOT NULL,
  `coustomer` varchar(255) COLLATE utf8mb4_unicode_ci NOT NULL,
  `review` text COLLATE utf8mb4_unicode_ci NOT NULL,
  `star` int(11) NOT NULL,
  `created_at` timestamp NULL DEFAULT NULL,
  `updated_at` timestamp NULL DEFAULT NULL
) ENGINE=InnoDB DEFAULT CHARSET=utf8mb4 COLLATE=utf8mb4_unicode_ci;

--
-- Dumping data for table `reviews`
--

INSERT INTO `reviews` (`id`, `product_id`, `coustomer`, `review`, `star`, `created_at`, `updated_at`) VALUES
(1, 64, 'Mr. Israel Hoppe', 'Explicabo quod corporis velit illum praesentium. Dolor pariatur ducimus quaerat aperiam velit ut reprehenderit. Est eveniet eos voluptatum voluptatum sapiente quisquam ut. Aut ipsum consequuntur ad praesentium provident ut nisi.', 3, '2018-01-05 09:58:50', '2018-01-05 09:58:50'),
(2, 86, 'Carey Metz', 'Incidunt minima quam et quis ut accusantium deleniti ab. Et fugit veritatis porro eum praesentium voluptatem nulla. Ipsa libero voluptatem aut dignissimos. Accusamus esse natus assumenda distinctio cumque.', 5, '2018-01-05 09:58:50', '2018-01-05 09:58:50'),
(3, 26, 'Shaun Kozey', 'Quidem ut quisquam officiis sed at. Tempore placeat nostrum aperiam eum consequatur incidunt explicabo. Neque voluptatum quasi nihil.', 0, '2018-01-05 09:58:50', '2018-01-05 09:58:50'),
(4, 80, 'Miss Thalia McKenzie V', 'Explicabo error qui mollitia placeat qui et. Ut accusantium aspernatur unde architecto nemo aliquam autem. Voluptatum dignissimos soluta molestias minus. Nostrum quia mollitia cum voluptatibus.', 4, '2018-01-05 09:58:50', '2018-01-05 09:58:50'),
(5, 39, 'Rodolfo Runolfsdottir', 'Qui et iste est voluptas ea sunt. Necessitatibus et quibusdam commodi voluptates et. Voluptatem totam et corporis earum voluptatem.', 2, '2018-01-05 09:58:50', '2018-01-05 09:58:50'),
(6, 44, 'Elsie Olson', 'Sit error est numquam minima voluptatem. Ipsa ea beatae quia laudantium cupiditate placeat laboriosam. Dolorem alias at in illo error.', 0, '2018-01-05 09:58:50', '2018-01-05 09:58:50'),
(7, 18, 'Mr. London Beer', 'Qui quos at provident. Vel deserunt rerum nisi rerum quod tempora deserunt. Nam sapiente cumque rerum ut suscipit et iste odio. Excepturi officiis deserunt maiores unde voluptas facere. Non sit dolorum voluptatum delectus.', 1, '2018-01-05 09:58:50', '2018-01-05 09:58:50'),
(8, 76, 'Clifford Mueller', 'Error reiciendis natus sapiente culpa ut. Alias exercitationem quo eos ea autem reprehenderit. Cum sapiente adipisci quia. Deleniti occaecati sunt eligendi ducimus.', 5, '2018-01-05 09:58:51', '2018-01-05 09:58:51'),
(9, 75, 'Leopold Eichmann', 'Assumenda molestiae quia sed ut quis. Vero non aut assumenda illum.', 0, '2018-01-05 09:58:51', '2018-01-05 09:58:51'),
(10, 55, 'Verna Prohaska', 'Molestiae nemo ipsa laboriosam quidem ad voluptatem sit. Necessitatibus sunt voluptatibus ad deleniti quam voluptatem et. Est qui vero ducimus qui sit. Fugiat veniam non nisi.', 0, '2018-01-05 09:58:51', '2018-01-05 09:58:51'),
(11, 12, 'Kira Fisher', 'Vitae voluptatum molestias molestias nihil explicabo enim. Et labore esse esse eveniet dolorum adipisci dolores aut. Quia id ut id placeat. Dolorem ut labore unde.', 3, '2018-01-05 09:58:51', '2018-01-05 09:58:51'),
(12, 41, 'Jalon Nitzsche', 'Nostrum eos perspiciatis quam laboriosam nam deleniti blanditiis. Molestias animi eos reprehenderit necessitatibus. Id repellat nemo est quia dolore dolorem voluptatem.', 2, '2018-01-05 09:58:51', '2018-01-05 09:58:51'),
(13, 21, 'Derek Franecki', 'Cum ea repellendus voluptatem qui doloribus ipsum. Ut eos corrupti sit. Est ad eius et a velit.', 2, '2018-01-05 09:58:51', '2018-01-05 09:58:51'),
(14, 59, 'Tomas Russel III', 'Aut dolorum atque harum aut doloremque. Hic rem aspernatur non voluptatem. Veniam molestias dolorem omnis tempore neque ea.', 3, '2018-01-05 09:58:51', '2018-01-05 09:58:51'),
(15, 42, 'Emilio Kris', 'Doloribus est maxime facere ut provident. Ratione recusandae voluptates cumque eos accusantium officia. Esse ex molestiae repellat omnis aut recusandae voluptatem. Tempora sint commodi itaque est.', 4, '2018-01-05 09:58:51', '2018-01-05 09:58:51'),
(16, 75, 'Hilton Streich Jr.', 'Consequuntur omnis dolorem consectetur et saepe. Maiores quia non rerum. Dolores asperiores qui quam repudiandae illum. Dolorem unde magnam et debitis. Ad vitae quis sint.', 1, '2018-01-05 09:58:51', '2018-01-05 09:58:51'),
(17, 20, 'Dereck O\'Connell', 'Dolores placeat est asperiores et magnam facilis soluta. Odit est minus sed voluptas. Et iusto beatae ex consequatur voluptates tenetur voluptatum. Assumenda soluta dolores neque. Sed est aut ea minima minus.', 0, '2018-01-05 09:58:51', '2018-01-05 09:58:51'),
(18, 7, 'Hettie Haag', 'Modi hic ut autem in laborum magni. Facilis alias repellendus suscipit assumenda consequuntur atque fugit. Ducimus est quo eum. Alias rerum necessitatibus distinctio harum eos corrupti.', 3, '2018-01-05 09:58:51', '2018-01-05 09:58:51'),
(19, 83, 'Isabella Kerluke', 'Similique blanditiis molestias voluptatem voluptatem necessitatibus. At tempora dolorem et. Reiciendis exercitationem unde deserunt.', 4, '2018-01-05 09:58:51', '2018-01-05 09:58:51'),
(20, 1, 'Prof. Christian Kub', 'Culpa error animi et quas ut. Hic a sint quia vitae in officia ad. Quidem quas unde officia illo.', 0, '2018-01-05 09:58:51', '2018-01-05 09:58:51'),
(21, 46, 'Jolie Marquardt', 'Optio et eos officia ut. Impedit qui et perspiciatis reiciendis numquam. Aperiam nam optio dolor non vitae labore.', 1, '2018-01-05 09:58:51', '2018-01-05 09:58:51'),
(22, 26, 'Prof. Justice Kihn', 'Quas atque sed quaerat mollitia non neque ratione. Mollitia totam sequi vel. Veniam eius sit perferendis in necessitatibus ut nemo. Error et sunt ducimus.', 4, '2018-01-05 09:58:51', '2018-01-05 09:58:51'),
(23, 38, 'Onie Greenfelder', 'Repellat voluptatem eos sint voluptates culpa ad. Consectetur eius quisquam ea sunt qui deleniti optio. Blanditiis eos ullam ullam laborum et dolorem laudantium. Saepe explicabo necessitatibus natus error.', 4, '2018-01-05 09:58:51', '2018-01-05 09:58:51'),
(24, 49, 'Everardo Schulist', 'Sit dolorum voluptatibus omnis delectus. Non esse delectus ea a distinctio dolores velit. At corrupti praesentium eius hic quam maiores.', 2, '2018-01-05 09:58:51', '2018-01-05 09:58:51'),
(25, 12, 'Santos Cassin', 'Qui nesciunt quos ratione sint maiores dolores. Voluptatem blanditiis expedita qui vero quidem. Et odit sequi natus.', 0, '2018-01-05 09:58:51', '2018-01-05 09:58:51'),
(26, 96, 'Meda Price', 'Incidunt pariatur labore voluptas voluptas sint minima et. Iure voluptatem ea pariatur libero sint sint. Unde molestias et deleniti et officia nam voluptatum.', 1, '2018-01-05 09:58:51', '2018-01-05 09:58:51'),
(27, 39, 'Chaz Wyman', 'Repellendus ipsa totam possimus eligendi in enim. Magni ut enim quis quia voluptatibus quaerat. Et molestiae ratione ea. Asperiores voluptatibus ipsam optio.', 5, '2018-01-05 09:58:51', '2018-01-05 09:58:51'),
(28, 41, 'Oceane D\'Amore', 'Esse dolores ipsam libero nostrum soluta. Quisquam harum ex aut voluptatem qui earum. Nobis sint amet atque tempora quos.', 2, '2018-01-05 09:58:51', '2018-01-05 09:58:51'),
(29, 11, 'Meagan Turner', 'Eligendi vero dolor velit quia repellendus. Eveniet dolorem et deserunt. Velit corporis consequatur optio id dolor. Officia error eius ipsam veritatis aut labore.', 4, '2018-01-05 09:58:51', '2018-01-05 09:58:51'),
(30, 81, 'Shania Walter', 'Cupiditate molestiae sit est tenetur. Enim dolores doloribus blanditiis quibusdam ad autem sunt aut. Eaque modi illo sed enim optio ut voluptas. Recusandae dolor aut et modi est quia id.', 3, '2018-01-05 09:58:51', '2018-01-05 09:58:51'),
(31, 16, 'Myron Dickinson I', 'Voluptas illum quae omnis itaque eos. Autem officiis voluptatem soluta magni exercitationem dignissimos. Quisquam quo sed distinctio odio nobis omnis quos. Est sapiente fugit placeat nisi est facilis quos quia.', 2, '2018-01-05 09:58:51', '2018-01-05 09:58:51'),
(32, 70, 'Herbert Stark DDS', 'Repudiandae consectetur a rem sed rerum. Rerum error praesentium adipisci commodi. Enim est est est facilis eum soluta. Officiis distinctio perspiciatis eveniet dolor.', 2, '2018-01-05 09:58:51', '2018-01-05 09:58:51'),
(33, 54, 'Aron DuBuque', 'Quod officiis facilis facilis et hic ut vel. Fuga eos maiores maiores accusamus minima ullam perferendis. Est impedit unde sapiente sed dolores.', 5, '2018-01-05 09:58:51', '2018-01-05 09:58:51'),
(34, 18, 'Diana Balistreri', 'Et eum ratione ea dolore. Nihil ipsum reprehenderit mollitia. Magni aut omnis pariatur. Distinctio ut eius et quis quas.', 1, '2018-01-05 09:58:51', '2018-01-05 09:58:51'),
(35, 40, 'Ms. Breanna Toy', 'Aut animi odit praesentium cupiditate vel animi. Consequatur fugiat inventore commodi voluptatem.', 1, '2018-01-05 09:58:51', '2018-01-05 09:58:51'),
(36, 8, 'Alvena Heidenreich', 'Natus in et aut distinctio. Molestiae quaerat et id architecto. Et omnis quidem non dolores est excepturi.', 2, '2018-01-05 09:58:52', '2018-01-05 09:58:52'),
(37, 49, 'Dora Barton', 'Velit repellat qui est voluptatibus consequatur. Officia assumenda quibusdam voluptatum rem id eum. Tempore cum eos et at quisquam. Quam iure officia adipisci.', 3, '2018-01-05 09:58:52', '2018-01-05 09:58:52'),
(38, 77, 'Kennedy Walsh', 'Dolore dignissimos velit ad odio consequuntur quis eligendi. Adipisci id amet quasi provident dolores architecto eius vel. Eos et et possimus eum architecto. Eos sint dolores qui consequuntur.', 1, '2018-01-05 09:58:52', '2018-01-05 09:58:52'),
(39, 39, 'Ms. Vena Botsford I', 'Iusto reprehenderit qui cum quia. Similique quos itaque at ex occaecati quis amet.', 3, '2018-01-05 09:58:52', '2018-01-05 09:58:52'),
(40, 8, 'Steve Thiel DDS', 'Autem veritatis quis rem quis. Voluptatem sed enim iusto quibusdam quia temporibus ut. Voluptas quia omnis aut enim placeat repellendus aliquam. Similique culpa nemo est unde voluptate reprehenderit commodi.', 2, '2018-01-05 09:58:52', '2018-01-05 09:58:52'),
(41, 89, 'Miss Olga Denesik', 'Voluptates minima blanditiis fugit et ex ducimus. Aut soluta quaerat repudiandae porro vel accusantium. Et at quo et et. Voluptate enim autem rerum impedit aut quibusdam dolorem.', 1, '2018-01-05 09:58:52', '2018-01-05 09:58:52'),
(42, 96, 'Dr. Shayna Grant IV', 'Sed deleniti dignissimos cumque eos nesciunt maxime est qui. Nostrum ut quae corrupti et nemo tempore. Id est nemo velit.', 2, '2018-01-05 09:58:52', '2018-01-05 09:58:52'),
(43, 47, 'Fabiola Corwin', 'Aspernatur sint earum ut dicta. Sequi sit consectetur recusandae eos est et ea tempore. Natus blanditiis est dolorem id. Deleniti dolorum qui repudiandae ut eum quod.', 3, '2018-01-05 09:58:52', '2018-01-05 09:58:52'),
(44, 59, 'Nigel Feest', 'Tempore omnis officia sapiente totam. Magnam est cupiditate fugiat est dignissimos ducimus quae. Cumque aut repellendus itaque vel sunt earum voluptas voluptatem.', 5, '2018-01-05 09:58:52', '2018-01-05 09:58:52'),
(45, 10, 'Jessyca Kling', 'Et quam fugiat nostrum nihil molestiae. Pariatur voluptatem quibusdam omnis eius quia. Rerum consequatur labore at consequatur quod.', 1, '2018-01-05 09:58:52', '2018-01-05 09:58:52'),
(46, 74, 'Dasia Lynch Jr.', 'Eum possimus facilis nihil. Earum eaque ut aut itaque porro alias. Accusantium rem reprehenderit quis voluptas.', 0, '2018-01-05 09:58:52', '2018-01-05 09:58:52'),
(47, 42, 'Silas Bergstrom', 'Dignissimos architecto repellat facere ut. Quo quia magni at consequuntur ea enim quas. Velit aut officia et nulla. Facilis ipsum aut omnis expedita.', 4, '2018-01-05 09:58:52', '2018-01-05 09:58:52'),
(48, 19, 'Wilfredo Kuvalis I', 'Deleniti sapiente non in eius facilis fugit quia. Unde iure et corrupti omnis. Consequatur est in necessitatibus ut. Deserunt iure et unde beatae. Similique asperiores unde voluptatem dolor.', 4, '2018-01-05 09:58:52', '2018-01-05 09:58:52'),
(49, 41, 'Dr. Kathlyn Huels', 'Inventore qui vitae vel alias dolor. Est perferendis reprehenderit et optio doloribus iure voluptate. Omnis fuga ea corrupti ut.', 1, '2018-01-05 09:58:52', '2018-01-05 09:58:52'),
(50, 98, 'Dr. Fermin Upton', 'Sed quidem et veniam mollitia. Animi autem voluptas nihil qui doloribus eveniet. Autem nisi blanditiis sint neque vero quasi.', 3, '2018-01-05 09:58:52', '2018-01-05 09:58:52'),
(51, 52, 'Miss Vernie Pfeffer', 'Ullam omnis facere nihil voluptatem incidunt sunt qui. Et autem rerum sit dignissimos aut. Maxime ex impedit corrupti quia quisquam.', 3, '2018-01-05 09:58:52', '2018-01-05 09:58:52'),
(52, 28, 'Ms. Delphine Hilll DVM', 'Quos et quae aut qui illum. Sint cumque atque labore culpa explicabo vero. Magnam doloribus amet voluptatem et dolor consequuntur aspernatur. Id at aliquam ullam consequuntur fugiat.', 5, '2018-01-05 09:58:52', '2018-01-05 09:58:52'),
(53, 51, 'Dedrick Green', 'Quibusdam molestias in delectus accusantium pariatur alias. Ut praesentium quis excepturi sunt aspernatur. Vel quo ipsa vel quia temporibus. Quaerat dolor dolore ab impedit inventore aut.', 1, '2018-01-05 09:58:52', '2018-01-05 09:58:52'),
(54, 73, 'Jabari Daniel', 'Ipsa dolorum vero est corporis maxime quia. Dolores vel voluptates eum debitis. Ut quia rerum ullam et repellat nemo.', 1, '2018-01-05 09:58:52', '2018-01-05 09:58:52'),
(55, 78, 'Fiona Walsh', 'Animi deserunt nostrum natus quia. Dolorem quaerat sequi voluptas labore possimus. Voluptatibus voluptatibus deserunt atque officia. Qui ipsa illo excepturi expedita.', 1, '2018-01-05 09:58:52', '2018-01-05 09:58:52'),
(56, 90, 'Murray Hintz', 'Ea ad quisquam unde nesciunt. Quidem magnam neque et repellendus aut. Et doloremque modi hic minima delectus.', 5, '2018-01-05 09:58:52', '2018-01-05 09:58:52'),
(57, 55, 'Alaina Greenfelder', 'Porro ut est quia aut quidem. Voluptatibus culpa delectus quae sit et. Cupiditate impedit eveniet tempora sit nihil et.', 5, '2018-01-05 09:58:52', '2018-01-05 09:58:52'),
(58, 56, 'Dr. Deven Kirlin IV', 'Qui omnis rerum in amet quidem doloribus sint autem. Amet nostrum omnis saepe sit consequatur veniam.', 1, '2018-01-05 09:58:52', '2018-01-05 09:58:52'),
(59, 29, 'Leif Johns', 'Quo vel libero quibusdam fuga et non quod. Excepturi harum ut non voluptas sed repellendus occaecati. Rerum aut non et est.', 3, '2018-01-05 09:58:52', '2018-01-05 09:58:52'),
(60, 52, 'Annamae Predovic', 'Voluptas itaque et modi dolorum eum occaecati iusto. Eum totam ullam ex eos ea cumque cupiditate. Sequi nam velit ratione quia labore praesentium. Sed et animi aspernatur delectus praesentium quis.', 4, '2018-01-05 09:58:52', '2018-01-05 09:58:52'),
(61, 80, 'Prof. Abagail Hickle IV', 'Laboriosam ut est ipsam sed qui sint libero. Nobis omnis minus eos sed pariatur. Debitis voluptatem sequi iure sed fugiat iure molestiae alias.', 4, '2018-01-05 09:58:52', '2018-01-05 09:58:52'),
(62, 65, 'Carolyne Torphy', 'Qui incidunt et voluptas voluptatem. Voluptas molestiae expedita molestias repellat. Aliquam nulla hic veritatis laborum optio ducimus sint. Aut est voluptas officia qui.', 4, '2018-01-05 09:58:52', '2018-01-05 09:58:52'),
(63, 51, 'Tremayne Schinner', 'Qui at sapiente qui velit. Nisi necessitatibus consectetur recusandae nam illo. Aut corporis ipsa rerum voluptatem facilis. Sed sit sed et et dolor aut nemo.', 2, '2018-01-05 09:58:53', '2018-01-05 09:58:53'),
(64, 48, 'Shannon Kovacek', 'Eos mollitia consequatur dignissimos. Aut accusamus facere et dolorum occaecati. Ullam est qui rem sint velit. In occaecati totam architecto minima culpa temporibus consequuntur.', 1, '2018-01-05 09:58:53', '2018-01-05 09:58:53'),
(65, 53, 'Elmo Keeling', 'Quis aut sint eveniet facilis dignissimos laborum commodi eum. Rerum aut numquam qui doloribus soluta et. Doloribus qui qui voluptas laborum et. Ea rerum modi aut tempore.', 1, '2018-01-05 09:58:53', '2018-01-05 09:58:53'),
(66, 46, 'Elena Eichmann V', 'Velit occaecati sed earum qui recusandae pariatur. Vero non consequuntur in sed ut. Eos nisi qui necessitatibus vel minus.', 4, '2018-01-05 09:58:53', '2018-01-05 09:58:53'),
(67, 67, 'Dana Douglas', 'Ea quae non voluptates a. Vitae aut aliquam non magni et aspernatur. Vel corrupti tempore et natus. Ab labore sit impedit expedita.', 5, '2018-01-05 09:58:53', '2018-01-05 09:58:53'),
(68, 55, 'Dr. Clifton Gerhold DVM', 'Et quo libero illum eveniet. Dignissimos excepturi debitis magni quia totam dolores ut. Quibusdam rerum et voluptatibus. A quam sit reiciendis assumenda occaecati non fugiat.', 1, '2018-01-05 09:58:53', '2018-01-05 09:58:53'),
(69, 58, 'Vicky Sauer', 'Et iure ipsum sunt corporis ipsa. Quia quam est saepe dolorum sapiente laudantium quos ad.', 5, '2018-01-05 09:58:53', '2018-01-05 09:58:53'),
(70, 62, 'Victoria Hintz', 'Iure dolorum aliquid rem quos sapiente. Vero id voluptatibus provident voluptatum. Soluta autem porro quis magnam. Perspiciatis voluptatum autem sed.', 2, '2018-01-05 09:58:53', '2018-01-05 09:58:53'),
(71, 76, 'Braulio Gibson', 'Sequi nobis cumque quidem. Et aut ut placeat optio dolores architecto. Impedit tempore nulla ut voluptatem laborum.', 0, '2018-01-05 09:58:53', '2018-01-05 09:58:53'),
(72, 63, 'Stephania Hauck', 'Est qui quasi totam alias numquam tempore. Perferendis voluptatibus modi distinctio quo enim tempora temporibus. Eveniet eligendi expedita sequi possimus.', 5, '2018-01-05 09:58:53', '2018-01-05 09:58:53'),
(73, 7, 'Lucinda Spinka', 'Voluptatem repudiandae aliquid eius quae architecto omnis minus quis. Provident itaque ducimus sequi reiciendis minima vitae. Incidunt nisi corporis sed necessitatibus molestiae molestiae.', 0, '2018-01-05 09:58:53', '2018-01-05 09:58:53'),
(74, 9, 'Whitney Mante', 'Suscipit in possimus est repellendus voluptas. Voluptate minima libero architecto. Maxime sint provident sint illum dolor quia. Aliquam magnam maiores et tenetur a sit delectus corrupti.', 2, '2018-01-05 09:58:53', '2018-01-05 09:58:53'),
(75, 1, 'Jackeline Muller PhD', 'Consequatur veniam voluptatum aliquam autem debitis. Eveniet expedita eius sapiente architecto voluptatibus odit. Tempora vel est molestiae et nemo dignissimos enim.', 0, '2018-01-05 09:58:53', '2018-01-05 09:58:53'),
(76, 67, 'Zachary Swaniawski', 'Est et quidem voluptatem dolores consectetur. Eveniet totam dolores ut quam corporis incidunt ipsa. Officia sed ea adipisci et. Labore nemo et sit occaecati omnis quia.', 3, '2018-01-05 09:58:53', '2018-01-05 09:58:53'),
(77, 88, 'Mr. Uriel Nikolaus', 'Ea fuga est sint eaque. Aut labore eum beatae illo et asperiores. Aliquid sed asperiores inventore sed rem fuga est illo.', 2, '2018-01-05 09:58:53', '2018-01-05 09:58:53'),
(78, 72, 'Dr. Edmund Ortiz', 'Non aut neque veritatis assumenda doloremque sed. Id corrupti consectetur aut nemo sapiente. Ad voluptatibus reprehenderit dignissimos incidunt sunt voluptates dolorum.', 1, '2018-01-05 09:58:53', '2018-01-05 09:58:53'),
(79, 11, 'Dr. Aaron Konopelski', 'Quia adipisci et et non quia. Provident ut dolores iusto tenetur et ea occaecati. Ipsum aut voluptates sit accusantium. Quaerat esse perferendis numquam qui sequi voluptatem sint a. Vel nihil molestiae quam asperiores.', 1, '2018-01-05 09:58:53', '2018-01-05 09:58:53'),
(80, 67, 'Miss Haylie Rowe', 'Ab quia sit praesentium sint. Ducimus illum praesentium eligendi. Temporibus nulla quia ipsa omnis aliquid. Maiores eius non animi et ipsam vel consequatur.', 2, '2018-01-05 09:58:53', '2018-01-05 09:58:53'),
(81, 70, 'Justyn Trantow', 'Optio veritatis non illum quod. Nulla dolorem ut laudantium qui fuga. Provident voluptatum et et aperiam eos magni velit. Et tempore nisi qui ut corporis harum est.', 1, '2018-01-05 09:58:53', '2018-01-05 09:58:53'),
(82, 52, 'Prof. Spencer Shields', 'Sequi aut quidem occaecati provident. Rerum aut qui pariatur maiores.', 4, '2018-01-05 09:58:53', '2018-01-05 09:58:53'),
(83, 62, 'Chauncey Harber DVM', 'Enim similique ad eveniet omnis fuga. Totam qui voluptatum minus perspiciatis odit nobis et. Sed quis nihil laborum sit.', 1, '2018-01-05 09:58:53', '2018-01-05 09:58:53'),
(84, 70, 'Jeremy Effertz III', 'Nostrum ipsum molestiae nobis. Nam quo ad qui delectus sed voluptas voluptas. Modi delectus nam mollitia illum corporis.', 4, '2018-01-05 09:58:53', '2018-01-05 09:58:53'),
(85, 40, 'Griffin Macejkovic', 'At ut dolorem sed animi dolores recusandae. Vitae ullam voluptatem numquam ipsa consequatur possimus vel dignissimos.', 2, '2018-01-05 09:58:53', '2018-01-05 09:58:53'),
(86, 44, 'Miss Antonette Hermann', 'Necessitatibus dolores commodi esse optio ea aut. Nihil dolor dolorem et dicta. Asperiores modi laborum non doloremque.', 1, '2018-01-05 09:58:53', '2018-01-05 09:58:53'),
(87, 28, 'Miss Brooklyn Moore', 'Maxime harum mollitia temporibus id voluptas similique. Enim vel non corrupti tenetur quas. Quod sit et libero repellat ut recusandae.', 1, '2018-01-05 09:58:53', '2018-01-05 09:58:53'),
(88, 18, 'Prof. Dexter Cruickshank IV', 'Dolorem saepe voluptas impedit asperiores voluptates vel dolorum. Eius qui placeat numquam quis eius ex. Odio ullam odit explicabo est perferendis sit.', 3, '2018-01-05 09:58:53', '2018-01-05 09:58:53'),
(89, 9, 'Irving Wunsch', 'Iste architecto ea aut voluptas impedit. Ut nihil fugiat nesciunt perferendis.', 1, '2018-01-05 09:58:53', '2018-01-05 09:58:53'),
(90, 16, 'Mittie Schaden', 'Reprehenderit nostrum voluptates explicabo beatae. Qui in autem ut beatae. Quaerat voluptates odio non soluta minima qui. Natus et sit voluptas mollitia totam aliquid. Sapiente nobis non quo nostrum.', 2, '2018-01-05 09:58:53', '2018-01-05 09:58:53'),
(91, 74, 'Demond Thiel', 'Magni voluptatibus ea magnam illo temporibus et quaerat. Assumenda culpa et fugit minus sit. Optio nulla voluptate corporis. Et porro vel quia ad aperiam.', 5, '2018-01-05 09:58:54', '2018-01-05 09:58:54'),
(92, 26, 'Ezekiel Walsh', 'Sunt sint autem voluptatem consequatur labore. Voluptas voluptas quas nesciunt provident laboriosam commodi. In aut ipsum quo id qui ut et. Ea quidem aut dolor itaque voluptatem. Est aliquid placeat optio accusamus.', 5, '2018-01-05 09:58:54', '2018-01-05 09:58:54'),
(93, 68, 'Nyah Sipes', 'Et fuga voluptatem consequatur non sapiente omnis. Corrupti neque dicta nihil consequatur laudantium ut consequatur.', 3, '2018-01-05 09:58:54', '2018-01-05 09:58:54'),
(94, 53, 'Kavon Bahringer', 'Voluptatem placeat aut quos consequatur corporis. Eos ut accusantium nostrum hic facilis dolor. Perspiciatis incidunt ut sit autem consequuntur aut reprehenderit voluptatem. Labore eveniet nostrum exercitationem.', 3, '2018-01-05 09:58:54', '2018-01-05 09:58:54'),
(95, 36, 'Prof. Efrain Gibson', 'Odio soluta perspiciatis eos sit rerum. Qui voluptatibus sint possimus nihil sunt rerum repellendus in. Dolorem quia ex occaecati molestiae quidem. Aperiam et illo dolorum est tempora porro.', 4, '2018-01-05 09:58:54', '2018-01-05 09:58:54'),
(96, 7, 'Reilly Osinski MD', 'Aut error voluptates velit excepturi magni. Nemo consequatur ut maxime rerum iste. Aut qui recusandae ducimus consequatur doloremque dolores et.', 4, '2018-01-05 09:58:54', '2018-01-05 09:58:54'),
(97, 40, 'Karelle Williamson', 'Aut tenetur aut officiis accusamus eos quas voluptatum unde. Sed aut blanditiis incidunt dolores aut omnis non. Ea laudantium at ea aut. Iusto impedit ut iure.', 2, '2018-01-05 09:58:54', '2018-01-05 09:58:54'),
(98, 29, 'Ms. Alyce Hettinger', 'Totam quisquam adipisci rem aspernatur ea officiis. Possimus ratione blanditiis blanditiis cum. Autem rerum ipsa minima dolorem.', 4, '2018-01-05 09:58:54', '2018-01-05 09:58:54'),
(99, 15, 'Kaley Bradtke MD', 'Accusamus earum et expedita quis aut nobis aut. Mollitia ut odio quasi temporibus at iste rerum reiciendis. Voluptatibus ipsa sit cupiditate nihil maxime enim quidem. Autem eos hic modi.', 5, '2018-01-05 09:58:54', '2018-01-05 09:58:54'),
(100, 54, 'Kali Will', 'Laboriosam dolorem eaque ut itaque ad. Quod minus ad iste autem et velit quidem perferendis. Omnis beatae fugiat vel. Molestiae laborum nobis est eius exercitationem.', 2, '2018-01-05 09:58:54', '2018-01-05 09:58:54'),
(101, 18, 'Prof. Cooper Rempel', 'Vero doloribus non nobis distinctio. Vero sapiente est et illum et maiores velit. Velit reiciendis est vel. Ipsam nisi cupiditate hic.', 2, '2018-01-05 09:58:54', '2018-01-05 09:58:54'),
(102, 93, 'Grayce Hackett', 'Id minus et magnam ex deleniti suscipit. Rerum in non qui sapiente amet itaque. Saepe quidem facilis facere neque aut excepturi. Aliquam illo a unde. Veritatis cum consequatur quo vel fuga.', 2, '2018-01-05 09:58:54', '2018-01-05 09:58:54'),
(103, 70, 'Prof. Demarco Kulas MD', 'Et quia vel perspiciatis non assumenda quod corporis. Est tempora corporis nisi esse pariatur eaque non nihil. Eius voluptatem voluptatem porro perferendis non eveniet ut fuga. Repudiandae quo et ut magni et quos pariatur. Quia quibusdam hic id.', 1, '2018-01-05 09:58:54', '2018-01-05 09:58:54'),
(104, 72, 'Adella Cassin', 'Similique accusantium ratione delectus quia corrupti suscipit iusto veniam. Aut qui ducimus eos sit. Aut nemo delectus consequatur qui eaque cumque autem.', 1, '2018-01-05 09:58:54', '2018-01-05 09:58:54'),
(105, 32, 'Nathaniel Hartmann', 'Eum temporibus nihil hic laudantium molestiae. Rem qui at dignissimos eaque. Id aut suscipit ut id enim.', 0, '2018-01-05 09:58:54', '2018-01-05 09:58:54'),
(106, 58, 'Clarissa Littel', 'Minima dolor consectetur aliquid sed quisquam tempore. Incidunt quos autem harum et corrupti. Id est velit cum quod aut similique est ut. Consequatur officia velit soluta qui eius. Exercitationem enim omnis alias inventore.', 2, '2018-01-05 09:58:54', '2018-01-05 09:58:54'),
(107, 49, 'Norbert Oberbrunner', 'Expedita blanditiis eum soluta voluptatem est reiciendis. Nihil aut dolorum tempore blanditiis beatae officia. Aut autem nihil commodi non possimus.', 0, '2018-01-05 09:58:54', '2018-01-05 09:58:54'),
(108, 4, 'Kim Fahey MD', 'Velit mollitia et praesentium error quaerat. Dolor est quas praesentium et facere qui repellendus. Nostrum facere asperiores qui dolor nesciunt aliquid dolores.', 1, '2018-01-05 09:58:54', '2018-01-05 09:58:54'),
(109, 90, 'Jewell Jenkins', 'Labore autem cupiditate a dicta cumque voluptatem sint. Explicabo aut mollitia minima. Laudantium quam pariatur consequatur qui suscipit ea.', 4, '2018-01-05 09:58:54', '2018-01-05 09:58:54'),
(110, 56, 'Prof. Tomas Heller MD', 'Ut libero consequatur nesciunt commodi. Sed omnis itaque natus amet. Mollitia quis voluptate ea voluptatem occaecati atque ea.', 3, '2018-01-05 09:58:54', '2018-01-05 09:58:54'),
(111, 73, 'Prof. Robin Hegmann', 'Ab fugit delectus ducimus atque libero nihil molestias. Rerum architecto facere iste eos. Rem atque quibusdam rerum id. Deleniti inventore voluptas quam molestiae a.', 4, '2018-01-05 09:58:54', '2018-01-05 09:58:54'),
(112, 84, 'Jorge Padberg', 'Fugiat inventore ullam dolores neque ullam aperiam. Rerum aliquid laborum perferendis optio soluta dignissimos.', 3, '2018-01-05 09:58:54', '2018-01-05 09:58:54'),
(113, 63, 'Beryl Fay', 'Autem reprehenderit eum beatae eum hic non. Cumque possimus cum nam mollitia enim tempora. Natus excepturi quibusdam placeat numquam consequatur ullam. Eum voluptatem iure provident.', 4, '2018-01-05 09:58:54', '2018-01-05 09:58:54'),
(114, 40, 'Tiana Kub', 'Et itaque ut quia inventore illo qui. Cum eligendi tempore excepturi vitae qui. Accusamus quasi sed exercitationem ut rem exercitationem. Recusandae ex tempora ut vel consequatur at consequatur. Dolor ut sunt vel aperiam molestias asperiores reprehenderit.', 0, '2018-01-05 09:58:54', '2018-01-05 09:58:54'),
(115, 3, 'Ms. Mikayla Altenwerth V', 'Est praesentium quas ut officiis hic modi repellat. Non quidem nesciunt rem ut. Ut est repudiandae vel sunt commodi. Quibusdam est unde laboriosam fugit.', 1, '2018-01-05 09:58:54', '2018-01-05 09:58:54'),
(116, 3, 'Mr. Anthony Kshlerin IV', 'Quaerat occaecati facilis assumenda animi ab. Voluptatem voluptatem quod provident. Exercitationem expedita animi aliquid magni rem possimus. Qui voluptatem quos et ducimus exercitationem aut.', 0, '2018-01-05 09:58:54', '2018-01-05 09:58:54'),
(117, 76, 'Rocio Steuber IV', 'Eos sunt velit rerum. Aut qui maxime eaque et. Dignissimos voluptatum nesciunt delectus ut et.', 0, '2018-01-05 09:58:54', '2018-01-05 09:58:54'),
(118, 25, 'Deborah Baumbach', 'Sint assumenda assumenda vitae laborum ea. Alias velit itaque similique maxime quia dolor tenetur et. Consequuntur cumque qui minus et distinctio vel.', 3, '2018-01-05 09:58:55', '2018-01-05 09:58:55'),
(119, 100, 'Gilbert Doyle', 'Praesentium quis at quia minus qui fugiat totam. Consectetur praesentium perspiciatis illo dolor aperiam quasi. Inventore consectetur doloribus dolorem nulla tenetur voluptas vel laboriosam.', 2, '2018-01-05 09:58:55', '2018-01-05 09:58:55'),
(120, 17, 'Lois Rowe', 'Deserunt illum consequuntur a incidunt laborum. Aut ex aut quisquam voluptatem. Sunt sunt maxime assumenda ut.', 2, '2018-01-05 09:58:55', '2018-01-05 09:58:55'),
(121, 53, 'Wilfredo Jakubowski', 'Deleniti pariatur neque nostrum qui dolores. In enim vero veniam praesentium animi ad excepturi. Aut quo dolores voluptas qui iste voluptatem odio.', 1, '2018-01-05 09:58:55', '2018-01-05 09:58:55'),
(122, 95, 'Trinity West', 'Laboriosam eius excepturi dolores. Ullam velit alias veritatis. Enim maiores nam quia aliquid sint praesentium. Officia aut possimus consequatur autem voluptas velit accusamus.', 4, '2018-01-05 09:58:55', '2018-01-05 09:58:55'),
(123, 47, 'Dr. Jerome Braun', 'Ea magnam autem sed reprehenderit. Amet delectus ea autem dolores. Necessitatibus autem ut sit quibusdam quas. Facere excepturi aut ut vel neque molestiae et.', 1, '2018-01-05 09:58:55', '2018-01-05 09:58:55'),
(124, 85, 'Irving Kunze', 'Est ipsa aut id qui voluptate aut itaque. Necessitatibus eos corrupti fuga omnis voluptas non. Velit soluta dolor eligendi nisi delectus ullam repellat. Pariatur quasi sunt amet voluptate voluptas. Voluptas sit nemo illo nisi et dolor.', 3, '2018-01-05 09:58:55', '2018-01-05 09:58:55'),
(125, 3, 'Burdette Grimes II', 'Neque ut quas velit aperiam. Et commodi voluptas qui voluptatibus. Ad voluptas et reiciendis at.', 5, '2018-01-05 09:58:55', '2018-01-05 09:58:55'),
(126, 66, 'Dr. Kaden Kreiger', 'Repellat sed quo quidem sunt quod ipsa. Corrupti enim et dolores omnis dolore. Incidunt odit dolores id esse eius.', 1, '2018-01-05 09:58:55', '2018-01-05 09:58:55'),
(127, 72, 'Warren Homenick IV', 'Accusamus non inventore quod nisi repellendus beatae ipsa. Vel explicabo vel maxime minus. Modi ut nemo ipsam sed ut. Velit fugit suscipit molestiae.', 2, '2018-01-05 09:58:55', '2018-01-05 09:58:55'),
(128, 39, 'Dr. Selmer Waelchi II', 'Ad soluta assumenda dolores necessitatibus inventore qui ducimus dolor. Praesentium fuga saepe architecto architecto repellat ratione. Magni ea voluptatem quia repudiandae. Vitae eos nisi molestias voluptas sed voluptas minima voluptatem.', 1, '2018-01-05 09:58:55', '2018-01-05 09:58:55'),
(129, 61, 'Madonna Schaden', 'Voluptas est eaque quia tempora minima fuga neque. Minus repudiandae sint placeat vero aliquam dolorem. In doloremque dolores assumenda distinctio recusandae sunt est sunt.', 3, '2018-01-05 09:58:55', '2018-01-05 09:58:55'),
(130, 35, 'Lue Wehner PhD', 'Quidem natus quisquam et labore. Illum velit laudantium dolore consequuntur molestiae sit accusantium. Pariatur sint aut rerum nihil.', 0, '2018-01-05 09:58:55', '2018-01-05 09:58:55'),
(131, 71, 'Korbin Turner', 'Dolor iste vitae inventore veritatis est et quis. Ex magni eius ut. Optio aliquam impedit iusto explicabo maiores minima magnam.', 2, '2018-01-05 09:58:55', '2018-01-05 09:58:55'),
(132, 34, 'Tia Funk', 'Recusandae quia omnis aspernatur tempora ut officia. Perspiciatis ipsa ut pariatur id. Dolore consectetur aut vel saepe aut repellat.', 4, '2018-01-05 09:58:55', '2018-01-05 09:58:55'),
(133, 70, 'Geo Schmeler', 'Molestiae voluptates atque aut necessitatibus itaque reiciendis. Ut magnam assumenda sapiente. Voluptas qui nam nemo est eum iste maxime.', 1, '2018-01-05 09:58:55', '2018-01-05 09:58:55'),
(134, 3, 'Elisha Mertz Sr.', 'Voluptatibus necessitatibus minima omnis ut assumenda. Libero labore omnis quaerat assumenda fuga. Culpa quo voluptatem sit.', 0, '2018-01-05 09:58:55', '2018-01-05 09:58:55'),
(135, 29, 'Clint Kozey', 'Inventore voluptates voluptatibus voluptatem aut. Sunt ipsum officiis officia quas perferendis vel ut aut. Alias voluptatibus minima et exercitationem.', 2, '2018-01-05 09:58:55', '2018-01-05 09:58:55'),
(136, 79, 'Lucas Dicki III', 'Ad modi sit distinctio vitae doloribus ipsa quo. Recusandae expedita doloremque praesentium. Magni ut deleniti molestiae quam sed eum. Ratione sapiente quas non quam aperiam quia.', 2, '2018-01-05 09:58:55', '2018-01-05 09:58:55'),
(137, 72, 'Mrs. Bernita Wyman', 'Quisquam reprehenderit aut rerum veniam sunt. Similique possimus cum et ad sunt. Aut quos quia id quo. Cupiditate veritatis neque esse voluptatem quia nisi est. Quasi et voluptas eos.', 3, '2018-01-05 09:58:55', '2018-01-05 09:58:55'),
(138, 9, 'Gladys Vandervort', 'Deleniti a aliquam aut. Dolores assumenda temporibus harum sit. Quaerat ut ut non repellendus.', 5, '2018-01-05 09:58:55', '2018-01-05 09:58:55'),
(139, 10, 'Jeremie Mayert DDS', 'Aspernatur sit commodi dolorem qui occaecati natus ut exercitationem. Veritatis id repudiandae architecto. Explicabo labore sit eum harum. Provident eaque et adipisci reiciendis.', 3, '2018-01-05 09:58:55', '2018-01-05 09:58:55'),
(140, 19, 'Ms. Edythe Bashirian', 'Incidunt et quae ducimus itaque qui sint. Earum vero nisi officiis minima. Ut corrupti saepe et laudantium deserunt. Nostrum possimus vel ut eos ex soluta blanditiis.', 0, '2018-01-05 09:58:55', '2018-01-05 09:58:55'),
(141, 30, 'Prof. Joany Rempel MD', 'Impedit ullam reiciendis et. Ut sit voluptatem non adipisci a harum. Provident eum repudiandae qui architecto voluptates non dolores illo. Architecto repellendus vel ut dolorem error quia magni.', 2, '2018-01-05 09:58:55', '2018-01-05 09:58:55'),
(142, 51, 'Miss Mona Kihn V', 'Voluptas sed qui quis mollitia eum. Itaque iusto dolorem velit. Est quis quaerat qui doloremque.', 0, '2018-01-05 09:58:55', '2018-01-05 09:58:55'),
(143, 59, 'Edwina Harris', 'At nostrum omnis veritatis vel. Sit deserunt delectus omnis quisquam eum nesciunt fugit. Architecto ducimus quas sit velit beatae voluptatem quod.', 1, '2018-01-05 09:58:55', '2018-01-05 09:58:55'),
(144, 32, 'Aaliyah Pouros', 'Quod omnis dicta autem aut ut voluptatem. Ut cupiditate alias quae non rerum et. Enim tenetur commodi voluptate recusandae. Eos sed ut fugiat natus.', 5, '2018-01-05 09:58:56', '2018-01-05 09:58:56'),
(145, 63, 'Damion Labadie', 'Delectus et quos voluptates non. Error ipsam natus et doloribus. Neque mollitia veritatis rerum voluptatem officia voluptas. Quisquam quas quo enim quaerat.', 4, '2018-01-05 09:58:56', '2018-01-05 09:58:56'),
(146, 6, 'Mr. Charlie Raynor', 'Neque quod quae ipsa deleniti eaque ut. Non animi necessitatibus eaque nulla odit eum. Dolor velit quam quia totam aut facilis. Et in qui nihil facere. Dolor laudantium aut quidem quod voluptatem eum in.', 2, '2018-01-05 09:58:56', '2018-01-05 09:58:56'),
(147, 9, 'Adriana Turcotte Jr.', 'Dolores est et laudantium sint. Totam ut optio est eum. Quos accusantium voluptatem doloribus vel.', 5, '2018-01-05 09:58:56', '2018-01-05 09:58:56'),
(148, 93, 'Jettie Walker', 'Est et magnam voluptatibus eveniet laudantium. Eos quasi veritatis et ex quo quod. Saepe voluptate autem velit quam. Nulla ipsa dolorum alias distinctio necessitatibus et.', 3, '2018-01-05 09:58:56', '2018-01-05 09:58:56'),
(149, 39, 'Dariana Kunde', 'Veritatis suscipit quo officia dolorem explicabo facilis. Accusantium quo iure illo sequi. Omnis deleniti doloribus voluptates dolores iure omnis culpa. Magni hic labore omnis eveniet adipisci eum modi.', 3, '2018-01-05 09:58:56', '2018-01-05 09:58:56'),
(150, 19, 'Wilfred Bernhard', 'Magni dolor veniam dolorem quos. Nihil asperiores temporibus dolor placeat. Aperiam inventore quia in neque.', 3, '2018-01-05 09:58:56', '2018-01-05 09:58:56'),
(151, 79, 'Prof. Tre Hamill I', 'Voluptates velit similique necessitatibus expedita voluptatem fugiat eveniet et. Reprehenderit natus porro voluptas voluptatem. Commodi velit aut blanditiis cupiditate. Excepturi a odit omnis quia perferendis nobis et. Provident eum voluptas facilis nulla.', 1, '2018-01-05 09:58:56', '2018-01-05 09:58:56'),
(152, 84, 'Dr. Mark Bins DVM', 'Velit aut eum quaerat voluptatum odit labore mollitia maiores. Fugit iste ad esse nihil suscipit ut alias. Animi est ratione quidem consectetur iusto.', 2, '2018-01-05 09:58:56', '2018-01-05 09:58:56'),
(153, 61, 'Esperanza Ankunding', 'Excepturi ipsa qui ad dolores. Dolores est repellat atque ducimus necessitatibus deserunt velit. Sint voluptas voluptatem magni ipsum.', 2, '2018-01-05 09:58:56', '2018-01-05 09:58:56'),
(154, 64, 'Grant Daniel', 'Aliquid pariatur eveniet nihil consequatur odio qui. Porro officiis non excepturi nihil ut nisi quis. Consequatur aut cum culpa tenetur eum eum.', 4, '2018-01-05 09:58:56', '2018-01-05 09:58:56'),
(155, 81, 'Hipolito McLaughlin', 'Reiciendis sit nihil iusto inventore deserunt eveniet commodi. Magnam illum natus est laboriosam laboriosam eos optio. Quis voluptatem officia quas nisi sapiente.', 1, '2018-01-05 09:58:56', '2018-01-05 09:58:56'),
(156, 14, 'Ms. Verda Hills I', 'Et nesciunt qui rem officia odio. Molestias ipsam vero exercitationem. Sequi doloribus deserunt reprehenderit nemo consequatur in.', 4, '2018-01-05 09:58:56', '2018-01-05 09:58:56'),
(157, 52, 'Jade Connelly DVM', 'Mollitia quibusdam vitae est molestias distinctio. Qui maiores non molestiae id alias tempore sint. Natus voluptatem laborum molestiae nihil at sit nulla. Consectetur et animi repudiandae dolorum odit illum amet. Quis aut suscipit quis magnam.', 3, '2018-01-05 09:58:56', '2018-01-05 09:58:56'),
(158, 95, 'Garth Crona', 'Velit qui omnis autem laboriosam minus sit. Velit rerum doloremque quis id tempore. Temporibus qui asperiores non voluptate.', 1, '2018-01-05 09:58:56', '2018-01-05 09:58:56'),
(159, 37, 'Trystan Hoeger', 'Eaque sit perspiciatis suscipit ad. Temporibus et esse iste placeat eveniet tempora. Unde iusto voluptatem sunt hic repudiandae. Molestiae deserunt repellat vitae veritatis repudiandae dolore.', 5, '2018-01-05 09:58:56', '2018-01-05 09:58:56'),
(160, 84, 'Aidan Hirthe', 'Perferendis expedita pariatur accusantium ratione mollitia possimus. Eveniet maiores eos nobis sint. Facere quia quod voluptas eius. Facere incidunt ducimus eos non amet deserunt ex.', 3, '2018-01-05 09:58:56', '2018-01-05 09:58:56'),
(161, 6, 'Dr. Edyth Ruecker DVM', 'Tempora corporis vel deserunt molestias. Placeat natus non et labore facere veniam aut. Et facere doloribus officiis. Itaque quia ea rem ad similique.', 3, '2018-01-05 09:58:56', '2018-01-05 09:58:56'),
(162, 54, 'Matteo Bartoletti', 'Explicabo atque sit consequatur error iste neque. Excepturi reiciendis expedita eos et ut explicabo. Et non adipisci qui et quia.', 5, '2018-01-05 09:58:56', '2018-01-05 09:58:56'),
(163, 11, 'Ryleigh Mitchell', 'Soluta eos ut excepturi praesentium harum porro. Delectus a odit voluptatum numquam porro necessitatibus incidunt et. Blanditiis earum harum laborum quia. Sed id suscipit illo iure. Voluptatibus molestiae numquam officiis nostrum sequi.', 4, '2018-01-05 09:58:56', '2018-01-05 09:58:56'),
(164, 61, 'Floy Larkin', 'Impedit necessitatibus est dolor modi minima. Commodi ut aut quibusdam ratione et. Ut eos pariatur omnis laboriosam consequatur maxime quo. Aut aliquid velit dignissimos natus dolorem.', 0, '2018-01-05 09:58:56', '2018-01-05 09:58:56'),
(165, 91, 'Martina Altenwerth', 'Quo nostrum optio sit dignissimos nam ut fugit non. Iusto dolore ipsam dolorem quis. Sequi aut qui quaerat culpa repudiandae officia itaque.', 5, '2018-01-05 09:58:56', '2018-01-05 09:58:56'),
(166, 91, 'Verdie McKenzie', 'Quia fugiat ullam reiciendis iste minima maiores praesentium enim. Dolorem accusantium officia tempore ut assumenda. Quaerat nulla amet odit quis necessitatibus. Assumenda nostrum dignissimos qui eum dicta necessitatibus et sint.', 3, '2018-01-05 09:58:56', '2018-01-05 09:58:56'),
(167, 99, 'Mrs. Nedra Wintheiser II', 'Commodi dolorem et blanditiis voluptatem et optio et. Incidunt est dolor maiores tempore et. Aut facilis aliquid quia dolores. Enim molestias voluptas rerum omnis ea pariatur.', 3, '2018-01-05 09:58:56', '2018-01-05 09:58:56'),
(168, 2, 'Edgar O\'Kon', 'Molestias quia nihil suscipit expedita repellendus necessitatibus accusantium. Dolore veniam minus sed unde omnis eligendi ab et. Consequatur a nesciunt est qui quis molestiae quaerat. Sunt amet rem officia et saepe facere.', 2, '2018-01-05 09:58:56', '2018-01-05 09:58:56'),
(169, 26, 'Miss Mathilde Rath DDS', 'Delectus omnis aspernatur aut cum aut. Eum eius voluptatem voluptatem cumque. Quam corrupti quis et recusandae odit magni quia sunt.', 5, '2018-01-05 09:58:56', '2018-01-05 09:58:56'),
(170, 29, 'Isadore Osinski', 'Quis corrupti reprehenderit omnis amet facilis qui illo voluptatem. Id aut ea aut est in corrupti consequatur. Voluptates eos placeat quis provident neque quia. Quia rerum est magni enim nemo assumenda voluptates.', 5, '2018-01-05 09:58:56', '2018-01-05 09:58:56'),
(171, 83, 'Hayley Christiansen', 'Et excepturi cum ab et dignissimos harum. Non pariatur autem cum itaque in maiores facilis possimus. Soluta quos ad explicabo laudantium aut repudiandae. Consequatur eum qui perferendis consequatur officia et eaque.', 4, '2018-01-05 09:58:56', '2018-01-05 09:58:56'),
(172, 49, 'Lexie Crooks', 'Dolor quia impedit libero officiis eveniet. Saepe facilis non ut ea laborum aliquam. Deserunt ut et iste consequatur sit.', 3, '2018-01-05 09:58:56', '2018-01-05 09:58:56'),
(173, 82, 'Prof. Jamison Cassin', 'Molestias omnis illo ipsa minima alias mollitia earum. Vel quibusdam dignissimos dolor natus culpa cum repellendus. Quis at fugit officiis enim in doloribus. Perferendis voluptatem eligendi facere aut laboriosam. Est ad et voluptatem.', 0, '2018-01-05 09:58:57', '2018-01-05 09:58:57'),
(174, 71, 'Prof. Verla Orn', 'Aliquid eaque error natus eos. Perferendis voluptatem voluptates ea architecto tempore consequatur. Ipsa nesciunt et quaerat suscipit. Explicabo non corrupti sit aliquid voluptatem.', 0, '2018-01-05 09:58:57', '2018-01-05 09:58:57'),
(175, 23, 'Lola Pouros IV', 'Eius sed impedit a ut doloremque assumenda qui. Sit ipsum sapiente beatae ut quia. Doloribus error neque et sed adipisci quia quis itaque. Nobis quia dolorum vel quibusdam aperiam ut.', 4, '2018-01-05 09:58:57', '2018-01-05 09:58:57'),
(176, 11, 'Savion Hand', 'Ut et dolore voluptatibus molestias natus. In quia temporibus corporis asperiores sunt veniam voluptatem. Consequatur vel ea deserunt aut. Aliquam id vero ut consequuntur autem. Fuga a excepturi velit et libero architecto nobis.', 3, '2018-01-05 09:58:57', '2018-01-05 09:58:57'),
(177, 86, 'Mr. Brain Pfannerstill', 'Quasi ad ut animi neque voluptatum. Magni aut voluptatem repudiandae. In corporis et porro laborum.', 1, '2018-01-05 09:58:57', '2018-01-05 09:58:57'),
(178, 37, 'Sheila Bogisich', 'Vero accusantium debitis voluptatem ex temporibus. Quo quia occaecati laudantium sapiente voluptates excepturi omnis nisi.', 1, '2018-01-05 09:58:57', '2018-01-05 09:58:57'),
(179, 56, 'Jameson Johns', 'Numquam porro illum non aspernatur eos inventore incidunt. In odit doloribus repellat aut alias maxime occaecati. Aut magnam vel id numquam. Numquam quia aut quas enim eveniet quia neque. Fugit ab odit ex consequatur.', 0, '2018-01-05 09:58:57', '2018-01-05 09:58:57'),
(180, 59, 'Liam Koch', 'At velit at accusantium quibusdam nulla aperiam et. Quis ut est voluptate vero nemo. Dolor earum eum voluptatem dolorum.', 1, '2018-01-05 09:58:57', '2018-01-05 09:58:57'),
(181, 90, 'Ryan O\'Conner', 'Qui vel distinctio consequatur. Officia officia voluptas debitis sed.', 1, '2018-01-05 09:58:57', '2018-01-05 09:58:57'),
(182, 46, 'Kiana Sauer', 'Labore quo odit iusto et vitae. Fuga sed ut et facere est voluptas. Aut soluta unde voluptatem officia. Beatae veniam aliquam voluptas nisi exercitationem sit.', 0, '2018-01-05 09:58:57', '2018-01-05 09:58:57'),
(183, 72, 'Bailey Kihn', 'Voluptates accusantium asperiores qui sed. Iusto exercitationem nemo eum nihil amet. Quisquam soluta sint pariatur sit.', 1, '2018-01-05 09:58:57', '2018-01-05 09:58:57'),
(184, 11, 'Jaron Gerlach', 'Rerum laborum laborum voluptas at dolores vero saepe. Libero neque maiores amet qui quas. Doloremque enim quo velit est dolor.', 0, '2018-01-05 09:58:57', '2018-01-05 09:58:57'),
(185, 82, 'Henry Spinka', 'Consequuntur magnam architecto aut culpa reprehenderit. Autem dolorem consequatur suscipit non. Voluptatem et quo nobis dolore maiores reprehenderit voluptas.', 4, '2018-01-05 09:58:57', '2018-01-05 09:58:57'),
(186, 44, 'Brando Schultz', 'Eos quam facilis velit hic. Cupiditate laudantium tenetur sapiente dolorum explicabo qui. Nulla autem excepturi tempore veniam.', 5, '2018-01-05 09:58:57', '2018-01-05 09:58:57'),
(187, 60, 'Charity Schumm', 'Amet nam nesciunt aliquam vel voluptas in est magnam. Eveniet culpa quae soluta. Voluptatem iste rerum nostrum a nisi nisi ut. Rerum harum facilis ratione mollitia aut. Voluptate et mollitia itaque.', 4, '2018-01-05 09:58:57', '2018-01-05 09:58:57'),
(188, 95, 'Miss Mattie Sipes Sr.', 'Aut pariatur porro voluptas quia qui delectus dolorem. Assumenda modi quibusdam et neque blanditiis assumenda consequatur. Quis maiores omnis officiis qui inventore.', 0, '2018-01-05 09:58:57', '2018-01-05 09:58:57'),
(189, 27, 'Noemi Zemlak', 'Vitae perspiciatis ipsum debitis. Temporibus quae velit nesciunt. Nemo facere numquam nulla labore rerum.', 1, '2018-01-05 09:58:57', '2018-01-05 09:58:57'),
(190, 11, 'Evalyn Johnston', 'Ratione doloribus a pariatur aut. Est soluta est doloribus excepturi. Amet ad est id amet et ea. In aut qui vitae autem est aut soluta aliquid.', 4, '2018-01-05 09:58:57', '2018-01-05 09:58:57'),
(191, 18, 'Jed Stiedemann II', 'Deleniti praesentium quia libero enim. Et harum aut odio.', 1, '2018-01-05 09:58:57', '2018-01-05 09:58:57'),
(192, 6, 'Christy Rempel', 'Eligendi qui dicta ex quia ut magnam. Natus saepe repellendus sapiente neque porro modi. Ad et aut qui quod. Deserunt quos molestiae commodi et optio nostrum. Facilis explicabo adipisci voluptas distinctio dignissimos quia ullam.', 5, '2018-01-05 09:58:57', '2018-01-05 09:58:57'),
(193, 4, 'Angelita Purdy', 'Perferendis quos asperiores quis excepturi sed dolorem. Reprehenderit sapiente quam eveniet. Omnis architecto ipsum veniam totam iure quam ipsum doloremque.', 1, '2018-01-05 09:58:57', '2018-01-05 09:58:57'),
(194, 67, 'Brenden Gusikowski', 'Dolor doloremque eos incidunt necessitatibus est libero. Qui qui fugit dolorum quo possimus. Praesentium nihil et ut recusandae temporibus quis aliquid. Laudantium nesciunt dolorem quaerat molestiae tempore vero.', 5, '2018-01-05 09:58:57', '2018-01-05 09:58:57'),
(195, 86, 'Hershel Gaylord III', 'Aperiam voluptatem accusamus quibusdam. Eligendi necessitatibus sint et error sint soluta fuga. Excepturi est quia voluptatem voluptatem consequatur ipsa aliquid ab. Incidunt sint officiis modi ut numquam temporibus.', 2, '2018-01-05 09:58:57', '2018-01-05 09:58:57'),
(196, 91, 'Prof. Lori Farrell', 'Harum explicabo ipsam aspernatur. Corrupti itaque alias ullam et. Et voluptas et dolorem et atque totam. Soluta asperiores mollitia eos nihil est.', 4, '2018-01-05 09:58:57', '2018-01-05 09:58:57'),
(197, 75, 'Dr. Kaley Cole IV', 'Dolor at autem ut impedit quia unde inventore id. Hic officiis sequi dolores tempore. Praesentium sapiente aliquam ut nam ut provident assumenda.', 0, '2018-01-05 09:58:57', '2018-01-05 09:58:57'),
(198, 97, 'Kaley Sipes', 'Dolor et id totam. Ut dolorem sunt dignissimos et dignissimos. Omnis voluptatem aliquid dolores cum consequatur esse.', 3, '2018-01-05 09:58:57', '2018-01-05 09:58:57'),
(199, 12, 'Albertha Wolf DVM', 'Rerum molestiae repellendus voluptatem laboriosam aut sit. Et quisquam reiciendis est enim ex occaecati ea.', 1, '2018-01-05 09:58:57', '2018-01-05 09:58:57'),
(200, 86, 'Dr. Joana Moen', 'Fugit vero hic quia dolor iste iure perferendis. Dolor itaque quis ipsam distinctio illum. Enim soluta voluptatum esse nihil. Veritatis culpa aut deserunt minima reiciendis.', 5, '2018-01-05 09:58:58', '2018-01-05 09:58:58'),
(201, 69, 'Nia Gusikowski', 'Numquam eum libero illo inventore sit. Facilis et velit ea ut. Sed amet et illum dignissimos labore minima.', 0, '2018-01-05 09:58:58', '2018-01-05 09:58:58'),
(202, 19, 'Leone Fadel', 'Omnis eos voluptatem nemo unde tenetur. Dicta magni amet quaerat optio. Voluptatem quia est unde expedita debitis vel repudiandae cum. Provident iure aut doloremque voluptatem aut consequatur. Aut explicabo quia quos.', 2, '2018-01-05 09:58:58', '2018-01-05 09:58:58'),
(203, 71, 'Mr. Oscar Connelly', 'Dolorem est sed mollitia facere odio. Animi aut inventore sunt error culpa. Veniam natus nobis iusto. Dolores blanditiis rerum omnis sunt et.', 1, '2018-01-05 09:58:58', '2018-01-05 09:58:58'),
(204, 5, 'Prof. Tina Wunsch', 'Molestias similique occaecati pariatur perspiciatis autem provident. Voluptatum enim dolor est. Officiis non magni repellat illo. Ad sit tenetur aut nihil quisquam repellat.', 5, '2018-01-05 09:58:58', '2018-01-05 09:58:58'),
(205, 89, 'Dr. Alec Welch MD', 'Blanditiis provident voluptatem sed qui est aliquam. Dolor sit et placeat culpa amet fugit. At ut autem beatae ut eos perferendis.', 4, '2018-01-05 09:58:58', '2018-01-05 09:58:58'),
(206, 28, 'Ciara Leuschke PhD', 'Ea odio voluptas dolorem quas. Laudantium doloribus alias voluptas deleniti iste omnis. Est aut iste est consequatur aut quidem.', 2, '2018-01-05 09:58:58', '2018-01-05 09:58:58'),
(207, 69, 'Katrine Reynolds I', 'Id harum tenetur rem esse consequatur corrupti consequatur iure. Aut provident vitae asperiores quos qui rerum suscipit et. Consequuntur dolor voluptatibus perferendis. Eum quaerat qui facilis ipsum.', 0, '2018-01-05 09:58:58', '2018-01-05 09:58:58'),
(208, 13, 'Travis Langworth', 'Voluptatem sequi vel dignissimos beatae est. Inventore qui pariatur et consequatur nostrum et enim. Quam accusamus dolore quae et voluptas.', 1, '2018-01-05 09:58:58', '2018-01-05 09:58:58'),
(209, 38, 'Clemmie McDermott', 'Deleniti fugit a beatae ut qui nobis libero harum. Inventore sunt quisquam expedita sunt sed. Quia odit sint alias accusantium dignissimos omnis qui. Tempora odio et nemo eum omnis enim libero placeat.', 4, '2018-01-05 09:58:58', '2018-01-05 09:58:58'),
(210, 17, 'Dr. Enrico Leuschke PhD', 'Qui et officiis dolores debitis. Molestiae occaecati et est consectetur molestiae.', 1, '2018-01-05 09:58:58', '2018-01-05 09:58:58');
INSERT INTO `reviews` (`id`, `product_id`, `coustomer`, `review`, `star`, `created_at`, `updated_at`) VALUES
(211, 24, 'Prof. Tobin Blick Jr.', 'Dignissimos et laboriosam magnam amet illo incidunt minima. Perspiciatis ad maxime odit ratione. Esse harum vitae earum autem ut omnis. Sint nostrum aspernatur iure nulla quod delectus et et.', 0, '2018-01-05 09:58:58', '2018-01-05 09:58:58'),
(212, 47, 'Christy Shanahan', 'Repellat quaerat rerum error optio debitis modi temporibus. Rerum corrupti culpa omnis.', 1, '2018-01-05 09:58:58', '2018-01-05 09:58:58'),
(213, 45, 'Tobin Funk', 'Animi id harum consequuntur. Officia esse voluptatem soluta autem. Ut ipsum quia maxime. Et expedita delectus similique cupiditate.', 0, '2018-01-05 09:58:58', '2018-01-05 09:58:58'),
(214, 84, 'Dr. Birdie Schmeler DVM', 'Amet non dolores qui sequi voluptas nesciunt nihil. Neque repellat nostrum qui rerum necessitatibus asperiores ut. Et et accusamus non fugit non vel. Accusantium voluptates vero laudantium.', 2, '2018-01-05 09:58:58', '2018-01-05 09:58:58'),
(215, 88, 'Keshaun Schmeler', 'Dolores aspernatur repellat similique similique magni. Inventore temporibus eum harum eum dicta soluta commodi id. Aut perspiciatis possimus deserunt voluptatem sed illum autem sed. Laudantium sit repudiandae et reprehenderit dicta odit.', 2, '2018-01-05 09:58:58', '2018-01-05 09:58:58'),
(216, 8, 'Wiley Sanford', 'Quia corporis odio dicta et suscipit suscipit sapiente. Et omnis libero maxime cum fugit quasi qui. Molestias autem aut similique aut vitae explicabo.', 2, '2018-01-05 09:58:58', '2018-01-05 09:58:58'),
(217, 32, 'Virginia Kling', 'Voluptatum ut a voluptatem iure. Fugit ut et voluptas omnis. Dolores ut distinctio vel voluptatem repudiandae neque. Ratione enim rerum quo molestiae.', 4, '2018-01-05 09:58:58', '2018-01-05 09:58:58'),
(218, 27, 'Mr. Paul Hahn', 'Et sed sed accusamus aut ex enim. Reiciendis nihil omnis qui et earum soluta alias nostrum.', 1, '2018-01-05 09:58:58', '2018-01-05 09:58:58'),
(219, 94, 'Brianne Stoltenberg Jr.', 'Eos quia praesentium est ratione. Rerum itaque voluptatem optio debitis. Sit mollitia eveniet perspiciatis eius quas cum et. Corporis sint officiis excepturi non at ab. Blanditiis et eos vel rerum voluptas quam.', 3, '2018-01-05 09:58:58', '2018-01-05 09:58:58'),
(220, 26, 'Ross Mraz', 'Officia est excepturi voluptates porro. Corporis iste sequi eos nihil.', 0, '2018-01-05 09:58:58', '2018-01-05 09:58:58'),
(221, 97, 'Aaliyah Ernser DDS', 'Sit occaecati enim quae qui debitis et ducimus doloremque. A dolorum assumenda necessitatibus distinctio modi qui dolorem. Laboriosam et ut dolorem at est. Commodi hic assumenda libero fugiat nihil ut.', 2, '2018-01-05 09:58:58', '2018-01-05 09:58:58'),
(222, 92, 'Tyrique Schinner', 'Sunt aliquam porro fuga odit. Repudiandae expedita molestiae voluptatibus optio. Est blanditiis perferendis maxime distinctio.', 5, '2018-01-05 09:58:58', '2018-01-05 09:58:58'),
(223, 63, 'Prof. Earnest Abernathy MD', 'Id est laboriosam cum accusantium magnam maxime quos. Aut qui harum excepturi quae autem corporis. Cum est et itaque beatae libero architecto. Qui corporis velit quod.', 4, '2018-01-05 09:58:58', '2018-01-05 09:58:58'),
(224, 73, 'Oswaldo Bahringer', 'Facere alias dignissimos reprehenderit. Ut in ullam omnis eos est praesentium dolor totam. Nisi excepturi distinctio quaerat consequuntur. Architecto perferendis veritatis vitae quasi autem iure harum.', 0, '2018-01-05 09:58:58', '2018-01-05 09:58:58'),
(225, 100, 'Ronaldo Predovic', 'Et sapiente ex a ut omnis repudiandae vel. Sed quis qui debitis sunt.', 3, '2018-01-05 09:58:58', '2018-01-05 09:58:58'),
(226, 44, 'Kelli Altenwerth', 'Perferendis laudantium occaecati cumque velit. Corrupti occaecati saepe nihil quod. Enim omnis omnis iusto dolorem ea sed.', 1, '2018-01-05 09:58:58', '2018-01-05 09:58:58'),
(227, 23, 'Michelle Abernathy', 'Reprehenderit architecto rerum architecto id distinctio aut. Numquam accusantium aut dolor non. Ad sed cum earum sit cumque qui dolorem et. Et quidem eum sunt.', 5, '2018-01-05 09:58:59', '2018-01-05 09:58:59'),
(228, 49, 'Sven Borer', 'Iusto voluptates harum reiciendis dignissimos. Vitae sit aliquid impedit velit reprehenderit cum. Minima dignissimos quae est et. Ab id nostrum autem architecto.', 1, '2018-01-05 09:58:59', '2018-01-05 09:58:59'),
(229, 93, 'Mrs. Delilah Gibson', 'Nobis ea qui saepe doloribus. Facere qui expedita quia impedit et.', 2, '2018-01-05 09:58:59', '2018-01-05 09:58:59'),
(230, 71, 'Aletha Langworth', 'Fugit explicabo consequuntur et et ad. Ratione eum quod nemo voluptatum. Unde dolorem eligendi veritatis qui voluptatum veniam ex doloremque.', 2, '2018-01-05 09:58:59', '2018-01-05 09:58:59'),
(231, 52, 'Maida Buckridge', 'Aspernatur quia aut sunt qui. Sint asperiores sed dignissimos eaque perferendis et eligendi quidem. Fuga quidem possimus blanditiis rerum qui ut dolore est.', 0, '2018-01-05 09:58:59', '2018-01-05 09:58:59'),
(232, 99, 'Leopold Klocko II', 'Distinctio et molestias sit quis quia aut. Dignissimos perferendis distinctio facere. Corporis sed odio a accusamus enim.', 3, '2018-01-05 09:58:59', '2018-01-05 09:58:59'),
(233, 83, 'Bernardo Volkman', 'Repudiandae velit ipsa sapiente doloribus ducimus. Est sed magnam dolorum laudantium qui eum. Corrupti sed quam nesciunt porro explicabo aspernatur dignissimos. Provident quia ipsam corrupti culpa.', 4, '2018-01-05 09:58:59', '2018-01-05 09:58:59'),
(234, 94, 'Yadira Feest', 'Quis optio nihil et officia voluptas aperiam. Ut autem dicta tempore est harum. Aperiam sapiente est sunt ea. Consequatur ut quisquam ut ab voluptate.', 2, '2018-01-05 09:58:59', '2018-01-05 09:58:59'),
(235, 83, 'Felicia Swaniawski', 'Fuga similique non nam incidunt ullam est vel velit. Non saepe qui sit consequuntur quia est. Nobis dicta quas aliquid et iusto.', 4, '2018-01-05 09:58:59', '2018-01-05 09:58:59'),
(236, 32, 'Rosetta Maggio', 'Eveniet dolorem est consequatur iure est dolor. Deserunt non facere ut et ipsa. Reprehenderit fugiat atque ut tempore autem.', 2, '2018-01-05 09:58:59', '2018-01-05 09:58:59'),
(237, 29, 'Wilmer Jenkins III', 'Dolor dolorum est quo quia dolor. Nobis in ipsam animi eaque. Quod ipsum non ut possimus voluptatum. Id nostrum pariatur sint rerum consequuntur fuga autem.', 1, '2018-01-05 09:58:59', '2018-01-05 09:58:59'),
(238, 88, 'Maud Windler', 'Ut quis ipsa ex et. Ad repellendus sunt ea laborum autem enim quaerat. Illum qui dolore et tempora inventore. Et cupiditate in veritatis.', 5, '2018-01-05 09:58:59', '2018-01-05 09:58:59'),
(239, 37, 'Emerald Dickinson', 'Beatae sapiente eius molestiae laudantium tempora illo. Exercitationem totam hic quo libero.', 4, '2018-01-05 09:58:59', '2018-01-05 09:58:59'),
(240, 46, 'Lavonne Morar', 'Voluptatem quam provident repudiandae optio qui sint est. Quos ab placeat hic provident et. Neque temporibus accusamus recusandae dolores magnam eligendi.', 2, '2018-01-05 09:58:59', '2018-01-05 09:58:59'),
(241, 10, 'Dr. Guido Skiles', 'Deserunt laboriosam neque sed necessitatibus quas beatae. Sit quidem molestiae possimus.', 2, '2018-01-05 09:58:59', '2018-01-05 09:58:59'),
(242, 6, 'Dr. Brandt Watsica DVM', 'Dolor quidem quam veritatis optio. Fuga ea in harum. Non facere dolorem in delectus quaerat nemo aut. Eum rerum totam quia temporibus dolorem culpa.', 0, '2018-01-05 09:58:59', '2018-01-05 09:58:59'),
(243, 30, 'Zora Hirthe', 'Doloribus velit et aut eveniet incidunt tempora minus rerum. Sunt modi aut ea sunt tempora vitae est. Nobis nihil corrupti tempora omnis et.', 0, '2018-01-05 09:58:59', '2018-01-05 09:58:59'),
(244, 14, 'Aron Heller', 'Delectus quidem ut ratione et. Odio magni quibusdam minus vel cumque est. Voluptatum et voluptas quia velit rem reprehenderit possimus. Voluptas asperiores voluptates nesciunt labore corporis. Repudiandae perspiciatis enim et reprehenderit accusamus non ut exercitationem.', 0, '2018-01-05 09:58:59', '2018-01-05 09:58:59'),
(245, 82, 'Tamia Runolfsdottir', 'Et omnis voluptatem eum. Tempore dolores qui et sit et odit illo similique. Unde autem tenetur voluptas voluptatem.', 0, '2018-01-05 09:58:59', '2018-01-05 09:58:59'),
(246, 71, 'Sallie Keebler', 'Eligendi voluptatem aspernatur voluptatem eum. Assumenda velit aperiam sed exercitationem ut veniam. Illum in reiciendis eius iusto excepturi quis. Quasi consequatur pariatur consectetur dolore at ad.', 1, '2018-01-05 09:58:59', '2018-01-05 09:58:59'),
(247, 8, 'Prof. Ericka Abshire', 'Qui repellendus rerum minima deleniti architecto fugit. Illo quia nesciunt nemo et aut provident quasi. Maiores perferendis quam et esse asperiores.', 5, '2018-01-05 09:58:59', '2018-01-05 09:58:59'),
(248, 92, 'Lester Kovacek', 'Ipsum illum nesciunt rerum eaque quidem vero autem. In sequi excepturi neque culpa nesciunt. Autem hic omnis voluptatem ipsa qui velit accusamus.', 4, '2018-01-05 09:58:59', '2018-01-05 09:58:59'),
(249, 22, 'Ms. Ludie O\'Reilly', 'Vel dignissimos porro eos qui saepe quis. Quia reiciendis deserunt fugit est possimus occaecati. Impedit fugit deserunt tenetur illum magnam. Officiis maxime odio nemo eos distinctio aut. Sit ea similique fugit officia.', 1, '2018-01-05 09:58:59', '2018-01-05 09:58:59'),
(250, 58, 'Cecelia Rosenbaum', 'Recusandae sed eum repellat consequuntur voluptatem et. Culpa repudiandae facere aspernatur. Ut aliquid aliquam velit corporis. Magni odio voluptas facilis culpa.', 1, '2018-01-05 09:59:00', '2018-01-05 09:59:00'),
(251, 87, 'Miss Isabel Kovacek I', 'Quisquam velit necessitatibus ut doloribus praesentium ut numquam. Rerum non facilis vel neque et consequatur exercitationem. Perferendis quia aliquam facilis quia.', 5, '2018-01-05 09:59:00', '2018-01-05 09:59:00'),
(252, 45, 'Geovanni Berge', 'Ut occaecati quo dolores molestiae sint voluptatem. Aut aperiam animi amet et sit labore nobis. Labore rerum aliquid dolores aperiam non optio. Officiis rerum sequi assumenda molestias qui libero. Ratione et fugiat harum veniam.', 4, '2018-01-05 09:59:00', '2018-01-05 09:59:00'),
(253, 78, 'Kaley Howe', 'Natus ipsa libero commodi quo. In consequuntur neque ratione ut. Aut debitis qui modi et voluptate suscipit. Ipsam consequatur cumque dolorum nisi voluptas fugit ad.', 2, '2018-01-05 09:59:00', '2018-01-05 09:59:00'),
(254, 35, 'Sid Armstrong', 'Ut atque commodi id ea et maiores dolores. Quam nihil amet voluptatem ducimus consectetur dolorum quisquam. Est veniam corrupti ullam est.', 3, '2018-01-05 09:59:00', '2018-01-05 09:59:00'),
(255, 55, 'Kole Beahan', 'Facere perferendis illum labore voluptas. Enim exercitationem doloremque amet fugiat laborum dignissimos. Ullam cumque sed rerum vel libero et. Temporibus omnis voluptatum perspiciatis molestiae eum laborum.', 1, '2018-01-05 09:59:00', '2018-01-05 09:59:00'),
(256, 8, 'Dayna Medhurst DVM', 'Eum quis delectus quibusdam. Laboriosam sed animi aliquam neque quia sed. Illo excepturi labore odit voluptas quia quibusdam. Sunt dignissimos esse qui cupiditate dolorum ipsum architecto.', 4, '2018-01-05 09:59:00', '2018-01-05 09:59:00'),
(257, 2, 'Harley Hansen', 'Odit vero natus aperiam dolore sit provident aut aut. Autem ut fugiat quis placeat. Eum nihil non non quia voluptatem in. Sunt molestiae qui aut temporibus quas eum non sunt.', 0, '2018-01-05 09:59:00', '2018-01-05 09:59:00'),
(258, 84, 'Dr. Royal Boyle Sr.', 'Magnam eos aut ad quia. Sit autem amet assumenda voluptatibus. Et dolorem omnis consequuntur qui architecto molestias et.', 4, '2018-01-05 09:59:00', '2018-01-05 09:59:00'),
(259, 53, 'Emely Quigley', 'Dignissimos et vel provident labore soluta. Omnis qui dolores ut dolores delectus. Occaecati dolores minima ut sunt et veritatis a.', 5, '2018-01-05 09:59:00', '2018-01-05 09:59:00'),
(260, 5, 'Haylie Erdman', 'Quo voluptatem magnam iste eos iusto. Temporibus molestias aut tempore similique ullam fugiat. Ut sunt enim repudiandae mollitia quae. Quia aut at quo ea aliquid commodi blanditiis.', 1, '2018-01-05 09:59:00', '2018-01-05 09:59:00'),
(261, 92, 'Prof. Ransom Sipes', 'Soluta est voluptatem sunt maxime exercitationem. Omnis praesentium ratione non non. Voluptatibus error est quisquam. Corrupti esse voluptatem veritatis in nulla earum. Illo voluptas est facilis dolores.', 3, '2018-01-05 09:59:00', '2018-01-05 09:59:00'),
(262, 92, 'Mekhi Kub', 'Sunt id nihil corporis enim ut. Dolorum maxime omnis ipsum voluptatibus architecto illum ipsam. Sed natus adipisci perferendis assumenda.', 1, '2018-01-05 09:59:00', '2018-01-05 09:59:00'),
(263, 36, 'Mr. Demario Carter', 'Est velit harum fugit esse accusantium voluptatem. Vitae nihil ipsam porro quia dolorum. Quia et ab necessitatibus consequuntur reprehenderit atque sed.', 4, '2018-01-05 09:59:00', '2018-01-05 09:59:00'),
(264, 100, 'Adelia Gislason', 'At id nesciunt a. Voluptas quo mollitia aut quo possimus facere. Et sed atque error aspernatur aliquid.', 2, '2018-01-05 09:59:00', '2018-01-05 09:59:00'),
(265, 96, 'Prof. Adelle Haley', 'Et dignissimos totam voluptatem vel quibusdam sed. Qui eius fuga pariatur adipisci laudantium velit qui. Neque sit et sed aut distinctio. Et repudiandae eum necessitatibus aut id similique.', 3, '2018-01-05 09:59:00', '2018-01-05 09:59:00'),
(266, 100, 'Carmine Kuhn', 'Tempora cupiditate itaque dolores deserunt. Necessitatibus quos molestiae incidunt maxime laudantium. Officiis est accusantium tempora. Voluptatem asperiores veritatis magni ut omnis ad. Labore a et asperiores id quia animi.', 3, '2018-01-05 09:59:00', '2018-01-05 09:59:00'),
(267, 70, 'Dr. Mercedes Beahan', 'Amet autem deserunt voluptatum est eveniet. Nihil sed officiis voluptatem vel rem a incidunt. Autem ut sint sed voluptatem.', 2, '2018-01-05 09:59:00', '2018-01-05 09:59:00'),
(268, 94, 'Dr. Johathan Herzog MD', 'Voluptatem laudantium dignissimos ut vel enim. Quibusdam officia modi qui minus et omnis voluptatibus.', 3, '2018-01-05 09:59:01', '2018-01-05 09:59:01'),
(269, 68, 'Miss Sandrine Christiansen', 'Cupiditate assumenda facilis eos et. Modi beatae officiis quia odit. Eum maiores in tempore praesentium eveniet.', 5, '2018-01-05 09:59:01', '2018-01-05 09:59:01'),
(270, 70, 'Pearlie Brakus', 'Tempora ea aliquam nihil voluptatem odit ab odio. Et eum voluptas error. Quam deserunt deserunt praesentium nisi autem ut at.', 1, '2018-01-05 09:59:01', '2018-01-05 09:59:01'),
(271, 32, 'Gretchen Bosco', 'Dignissimos ipsum delectus error sunt aspernatur. Omnis voluptatibus voluptatem aliquid quidem molestias eum debitis.', 4, '2018-01-05 09:59:01', '2018-01-05 09:59:01'),
(272, 34, 'Prof. Dixie Nitzsche PhD', 'Consequatur fuga quia officia qui voluptas vel. Laborum enim impedit adipisci eos impedit. Possimus excepturi corporis dolor laborum. Soluta quaerat fuga ratione ut fuga. Consequatur similique aut praesentium.', 2, '2018-01-05 09:59:01', '2018-01-05 09:59:01'),
(273, 31, 'Jovani Farrell Sr.', 'Sit dolorem sed harum dolor. Quam quia tempore cupiditate. Ipsa repellat enim sunt earum rem harum omnis id.', 0, '2018-01-05 09:59:01', '2018-01-05 09:59:01'),
(274, 12, 'Jamil Franecki Jr.', 'Quas vel delectus dicta a aut excepturi nostrum. Fugit et velit labore qui earum est sed. Possimus rerum ut aliquam cumque non eaque ab.', 0, '2018-01-05 09:59:01', '2018-01-05 09:59:01'),
(275, 58, 'Jake Boyer IV', 'Harum qui veritatis placeat laboriosam dicta eum qui. Ipsa omnis et praesentium illo velit qui aut amet. Tempore animi quasi blanditiis modi reiciendis. Necessitatibus deserunt nostrum deserunt inventore vel non fuga.', 2, '2018-01-05 09:59:01', '2018-01-05 09:59:01'),
(276, 43, 'Mr. Arnoldo Crooks', 'Ut qui occaecati vero tenetur sed id quae. Omnis rerum nobis ipsa iure nihil illo. Laborum minus aut impedit expedita ducimus. Minima odit pariatur esse sapiente sed ut neque.', 2, '2018-01-05 09:59:01', '2018-01-05 09:59:01'),
(277, 93, 'Cielo Hudson III', 'Illo quia molestiae totam enim vel officia laboriosam. Dolorum necessitatibus nihil sed debitis voluptas amet deleniti autem. Quia blanditiis nemo quam. Temporibus voluptate tempore libero consequatur.', 2, '2018-01-05 09:59:01', '2018-01-05 09:59:01'),
(278, 83, 'Evie Hoppe', 'Dolorum quia laboriosam sint distinctio. Aut perferendis iusto soluta consequuntur in et. Ut numquam adipisci omnis eum tenetur consequatur. Iusto magnam reprehenderit quo accusantium qui qui alias repellendus.', 4, '2018-01-05 09:59:01', '2018-01-05 09:59:01'),
(279, 23, 'Aileen Legros', 'Nulla fugiat mollitia voluptas sequi ut fugiat. Enim maxime quos illum aut vel ipsum et. Unde similique molestias ex natus id nobis. Officiis blanditiis corrupti laborum quo iste eos. Minus corrupti ipsa dolorem vitae aut non rem perferendis.', 5, '2018-01-05 09:59:01', '2018-01-05 09:59:01'),
(280, 70, 'Dr. Evie Graham I', 'Rerum similique soluta voluptates reiciendis atque natus. Nulla quia voluptatem voluptas ut aut quas. Ut atque perspiciatis quasi totam excepturi molestiae perferendis nobis. Vel maxime aut ducimus.', 3, '2018-01-05 09:59:01', '2018-01-05 09:59:01'),
(281, 73, 'Jose Jaskolski', 'Dolor eum qui enim fugiat praesentium ut molestias enim. Et distinctio odio quo aspernatur. Consequatur quaerat voluptatum unde est et. Ab qui rerum autem omnis tempore impedit.', 3, '2018-01-05 09:59:01', '2018-01-05 09:59:01'),
(282, 55, 'Mr. Jefferey Dietrich', 'Reprehenderit dolor enim odit ea voluptatem quasi. Dignissimos non recusandae voluptatibus in at blanditiis ducimus. Non ut distinctio consequatur magnam.', 2, '2018-01-05 09:59:02', '2018-01-05 09:59:02'),
(283, 71, 'Cayla Kautzer', 'Veniam quasi illo optio quia. Quia expedita est ipsum delectus est. Eaque culpa nam ipsa odio.', 2, '2018-01-05 09:59:02', '2018-01-05 09:59:02'),
(284, 30, 'Llewellyn Hagenes', 'Ab praesentium velit in quia repudiandae. Alias voluptatem incidunt perspiciatis corrupti.', 5, '2018-01-05 09:59:02', '2018-01-05 09:59:02'),
(285, 43, 'Ruthe McDermott DDS', 'Iure sapiente dolorem et. Hic nemo ea id ad repellendus. Fugit soluta aliquam occaecati voluptate excepturi voluptatem voluptas. Porro nobis excepturi est eos quia.', 0, '2018-01-05 09:59:02', '2018-01-05 09:59:02'),
(286, 40, 'Wilma Russel', 'Et odio tempora mollitia. In nihil maxime repellendus nemo assumenda saepe occaecati cum. Non quas ut iusto quia impedit.', 5, '2018-01-05 09:59:02', '2018-01-05 09:59:02'),
(287, 90, 'Reymundo Kassulke', 'Accusamus qui expedita magni laboriosam ut dolor. Vero voluptates laudantium autem quia. Tempora vitae odit amet vel nemo ipsum. Dignissimos quibusdam doloremque alias tempora enim molestiae aut ut.', 0, '2018-01-05 09:59:02', '2018-01-05 09:59:02'),
(288, 73, 'Helene Senger MD', 'Corrupti quam quam ab molestiae blanditiis doloremque ut. Rerum eum ipsum et dolores. Velit accusantium accusantium illum harum voluptatem consectetur.', 0, '2018-01-05 09:59:02', '2018-01-05 09:59:02'),
(289, 60, 'Mrs. Naomi Barrows II', 'Odit odio sit nihil ut. Voluptatibus praesentium dicta et reiciendis aut. Maxime nihil non nihil tempore dicta autem.', 2, '2018-01-05 09:59:02', '2018-01-05 09:59:02'),
(290, 21, 'Trisha Heller V', 'Perferendis labore numquam eum officiis iste perspiciatis inventore. Natus facere tempore et nostrum rerum voluptatibus. Adipisci id totam facilis vero omnis minima natus asperiores.', 0, '2018-01-05 09:59:02', '2018-01-05 09:59:02'),
(291, 91, 'Carroll Pfannerstill', 'Eligendi est voluptatem et earum quos. Est non harum minus sapiente tempora repellat quas. Ab et accusantium doloribus quam ullam. Necessitatibus et aut in repudiandae expedita. Rerum quae quaerat molestiae adipisci aliquid accusamus sed.', 3, '2018-01-05 09:59:02', '2018-01-05 09:59:02'),
(292, 75, 'Mr. Shaun Block', 'In error nemo nostrum consectetur rem neque. Labore veritatis excepturi et laboriosam quia itaque. Non nihil placeat accusantium rem eius. Sed et et tempora quidem distinctio.', 0, '2018-01-05 09:59:02', '2018-01-05 09:59:02'),
(293, 68, 'Brad Jerde', 'Amet ut tempore et odio id. Alias aut odit sint repellat doloribus. Et inventore reprehenderit fugit quis voluptatum quis distinctio provident. Quidem at et corporis voluptas.', 4, '2018-01-05 09:59:02', '2018-01-05 09:59:02'),
(294, 65, 'Bradley Frami', 'Temporibus fugiat deserunt deleniti sed in sed et ex. Tempore facilis et aperiam nisi.', 3, '2018-01-05 09:59:02', '2018-01-05 09:59:02'),
(295, 15, 'Gabe Lehner', 'Blanditiis aspernatur sed harum. Illum quas vitae quae quas asperiores praesentium debitis. Cumque fuga et exercitationem reprehenderit sunt eum. Iste reiciendis dolores eum fuga minima excepturi et.', 5, '2018-01-05 09:59:02', '2018-01-05 09:59:02'),
(296, 62, 'Edwardo Rosenbaum DVM', 'Cumque ex maxime accusantium quia quis quasi. Qui architecto excepturi veniam hic. Culpa ut rem aut et. Recusandae reprehenderit ducimus dolores reiciendis ut doloribus.', 0, '2018-01-05 09:59:02', '2018-01-05 09:59:02'),
(297, 16, 'Cecelia Leffler PhD', 'Veniam quisquam totam blanditiis eos voluptas ut. Beatae facere consectetur pariatur debitis non. Quia distinctio expedita est officia eos expedita. Sint et voluptate aliquam omnis cumque. Itaque ratione esse temporibus eos qui tenetur.', 4, '2018-01-05 09:59:02', '2018-01-05 09:59:02'),
(298, 63, 'Bailey Collier', 'Fuga repudiandae omnis officia quos. Debitis ratione sed optio doloremque ut aliquid sed aperiam. Earum placeat et dignissimos in. Nam delectus illo eos modi enim incidunt distinctio.', 0, '2018-01-05 09:59:02', '2018-01-05 09:59:02'),
(299, 75, 'Moriah Welch', 'Sit sequi iusto nam qui officia. Hic veritatis dolorem libero error reprehenderit enim quia. Totam veniam et illum voluptates et alias. Reiciendis sed quod qui pariatur.', 1, '2018-01-05 09:59:02', '2018-01-05 09:59:02'),
(300, 99, 'Maiya Durgan', 'Quae itaque consectetur voluptatem similique ullam assumenda qui. Quos voluptatem laudantium repellendus dolorum doloribus. Impedit veritatis repellat ullam aspernatur incidunt corporis.', 3, '2018-01-05 09:59:02', '2018-01-05 09:59:02');

-- --------------------------------------------------------

--
-- Table structure for table `users`
--

CREATE TABLE `users` (
  `id` int(10) UNSIGNED NOT NULL,
  `name` varchar(255) COLLATE utf8mb4_unicode_ci NOT NULL,
  `email` varchar(180) COLLATE utf8mb4_unicode_ci NOT NULL,
  `password` varchar(180) COLLATE utf8mb4_unicode_ci NOT NULL,
  `remember_token` varchar(100) COLLATE utf8mb4_unicode_ci DEFAULT NULL,
  `created_at` timestamp NULL DEFAULT NULL,
  `updated_at` timestamp NULL DEFAULT NULL
) ENGINE=InnoDB DEFAULT CHARSET=utf8mb4 COLLATE=utf8mb4_unicode_ci;

--
-- Indexes for dumped tables
--

--
-- Indexes for table `migrations`
--
ALTER TABLE `migrations`
  ADD PRIMARY KEY (`id`);

--
-- Indexes for table `password_resets`
--
ALTER TABLE `password_resets`
  ADD KEY `password_resets_email_index` (`email`);

--
-- Indexes for table `products`
--
ALTER TABLE `products`
  ADD PRIMARY KEY (`id`);

--
-- Indexes for table `reviews`
--
ALTER TABLE `reviews`
  ADD PRIMARY KEY (`id`),
  ADD KEY `reviews_product_id_index` (`product_id`);

--
-- Indexes for table `users`
--
ALTER TABLE `users`
  ADD PRIMARY KEY (`id`),
  ADD UNIQUE KEY `users_email_unique` (`email`);

--
-- AUTO_INCREMENT for dumped tables
--

--
-- AUTO_INCREMENT for table `migrations`
--
ALTER TABLE `migrations`
  MODIFY `id` int(10) UNSIGNED NOT NULL AUTO_INCREMENT, AUTO_INCREMENT=5;

--
-- AUTO_INCREMENT for table `products`
--
ALTER TABLE `products`
  MODIFY `id` int(10) UNSIGNED NOT NULL AUTO_INCREMENT, AUTO_INCREMENT=101;

--
-- AUTO_INCREMENT for table `reviews`
--
ALTER TABLE `reviews`
  MODIFY `id` int(10) UNSIGNED NOT NULL AUTO_INCREMENT, AUTO_INCREMENT=301;

--
-- AUTO_INCREMENT for table `users`
--
ALTER TABLE `users`
  MODIFY `id` int(10) UNSIGNED NOT NULL AUTO_INCREMENT;

--
-- Constraints for dumped tables
--

--
-- Constraints for table `reviews`
--
ALTER TABLE `reviews`
  ADD CONSTRAINT `reviews_product_id_foreign` FOREIGN KEY (`product_id`) REFERENCES `products` (`id`) ON DELETE CASCADE;
COMMIT;

/*!40101 SET CHARACTER_SET_CLIENT=@OLD_CHARACTER_SET_CLIENT */;
/*!40101 SET CHARACTER_SET_RESULTS=@OLD_CHARACTER_SET_RESULTS */;
/*!40101 SET COLLATION_CONNECTION=@OLD_COLLATION_CONNECTION */;
